section,step,protocol,subject,fold,tail_balanced_acc,best_balanced_acc,last_balanced_acc,final_train_acc,status,env,source_log
Experiment C,C0,"stamp_induced flat weights, 5-fold CV, dropout 0",1.0,0.0,0.4631,0.5357,0.4821,0.9956,measured,"base, no mne (presumed: default python, no stderr kept)",output/experiment_c/mesae_finetune_c0/artifacts/train_20260919_032928.log
Experiment C,C0,"stamp_induced flat weights, 5-fold CV, dropout 0",1.0,1.0,0.4316,0.4679,0.4286,0.9738,measured,"base, no mne (presumed: default python, no stderr kept)",output/experiment_c/mesae_finetune_c0/artifacts/train_20260919_032928.log
Experiment C,C0,"stamp_induced flat weights, 5-fold CV, dropout 0",1.0,2.0,0.4904,0.5833,0.4667,0.9956,measured,"base, no mne (presumed: default python, no stderr kept)",output/experiment_c/mesae_finetune_c0/artifacts/train_20260919_032928.log
Experiment C,C0,"stamp_induced flat weights, 5-fold CV, dropout 0",1.0,3.0,0.4348,0.55,0.4071,0.9698,measured,"base, no mne (presumed: default python, no stderr kept)",output/experiment_c/mesae_finetune_c0/artifacts/train_20260919_032928.log
Experiment C,C0,"stamp_induced flat weights, 5-fold CV, dropout 0",1.0,4.0,0.4799,0.5429,0.4702,1.0,measured,"base, no mne (presumed: default python, no stderr kept)",output/experiment_c/mesae_finetune_c0/artifacts/train_20260919_032928.log
Experiment C,C0,"stamp_induced flat weights, 5-fold CV, dropout 0",2.0,0.0,0.4698,0.5,0.481,0.987,measured,"base, no mne (presumed: default python, no stderr kept)",output/experiment_c/mesae_finetune_c0/artifacts/train_20260919_032928.log
Experiment C,C0,"stamp_induced flat weights, 5-fold CV, dropout 0",2.0,1.0,0.4645,0.55,0.4488,0.9738,measured,"base, no mne (presumed: default python, no stderr kept)",output/experiment_c/mesae_finetune_c0/artifacts/train_20260919_032928.log
Experiment C,C0,"stamp_induced flat weights, 5-fold CV, dropout 0",2.0,2.0,0.4707,0.5405,0.5048,0.9956,measured,"base, no mne (presumed: default python, no stderr kept)",output/experiment_c/mesae_finetune_c0/artifacts/train_20260919_032928.log
Experiment C,C0,"stamp_induced flat weights, 5-fold CV, dropout 0",2.0,3.0,0.5064,0.6226,0.5262,0.9784,measured,"base, no mne (presumed: default python, no stderr kept)",output/experiment_c/mesae_finetune_c0/artifacts/train_20260919_032928.log
Experiment C,C0,"stamp_induced flat weights, 5-fold CV, dropout 0",2.0,4.0,0.4281,0.4881,0.4524,0.9741,measured,"base, no mne (presumed: default python, no stderr kept)",output/experiment_c/mesae_finetune_c0/artifacts/train_20260919_032928.log
Experiment C,C0,"stamp_induced flat weights, 5-fold CV, dropout 0",3.0,0.0,0.5892,0.6381,0.6226,0.9698,measured,"base, no mne (presumed: default python, no stderr kept)",output/experiment_c/mesae_finetune_c0/artifacts/train_20260919_032928.log
Experiment C,C0,"stamp_induced flat weights, 5-fold CV, dropout 0",3.0,1.0,0.5125,0.5869,0.5012,0.9913,measured,"base, no mne (presumed: default python, no stderr kept)",output/experiment_c/mesae_finetune_c0/artifacts/train_20260919_032928.log
Experiment C,C0,"stamp_induced flat weights, 5-fold CV, dropout 0",3.0,2.0,0.4075,0.4857,0.3286,0.9869,measured,"base, no mne (presumed: default python, no stderr kept)",output/experiment_c/mesae_finetune_c0/artifacts/train_20260919_032928.log
Experiment C,C0,"stamp_induced flat weights, 5-fold CV, dropout 0",3.0,3.0,0.4678,0.525,0.4345,0.9654,measured,"base, no mne (presumed: default python, no stderr kept)",output/experiment_c/mesae_finetune_c0/artifacts/train_20260919_032928.log
Experiment C,C0,"stamp_induced flat weights, 5-fold CV, dropout 0",3.0,4.0,0.4464,0.5429,0.4429,0.9871,measured,"base, no mne (presumed: default python, no stderr kept)",output/experiment_c/mesae_finetune_c0/artifacts/train_20260919_032928.log
Experiment C,C0,"stamp_induced flat weights, 5-fold CV, dropout 0",4.0,0.0,0.4114,0.5131,0.3738,0.9781,measured,"base, no mne (presumed: default python, no stderr kept)",output/experiment_c/mesae_finetune_c0/artifacts/train_20260919_032928.log
Experiment C,C0,"stamp_induced flat weights, 5-fold CV, dropout 0",4.0,1.0,0.3776,0.45,0.3464,0.9869,measured,"base, no mne (presumed: default python, no stderr kept)",output/experiment_c/mesae_finetune_c0/artifacts/train_20260919_032928.log
Experiment C,C0,"stamp_induced flat weights, 5-fold CV, dropout 0",4.0,2.0,0.4194,0.4667,0.431,0.9869,measured,"base, no mne (presumed: default python, no stderr kept)",output/experiment_c/mesae_finetune_c0/artifacts/train_20260919_032928.log
Experiment C,C0,"stamp_induced flat weights, 5-fold CV, dropout 0",4.0,3.0,0.415,0.4607,0.4238,0.9827,measured,"base, no mne (presumed: default python, no stderr kept)",output/experiment_c/mesae_finetune_c0/artifacts/train_20260919_032928.log
Experiment C,C0,"stamp_induced flat weights, 5-fold CV, dropout 0",4.0,4.0,0.3537,0.4214,0.3321,0.9654,measured,"base, no mne (presumed: default python, no stderr kept)",output/experiment_c/mesae_finetune_c0/artifacts/train_20260919_032928.log
Experiment C,C0,"stamp_induced flat weights, 5-fold CV, dropout 0",5.0,0.0,0.4065,0.4798,0.3964,0.9696,measured,"base, no mne (presumed: default python, no stderr kept)",output/experiment_c/mesae_finetune_c0/artifacts/train_20260919_032928.log
Experiment C,C0,"stamp_induced flat weights, 5-fold CV, dropout 0",5.0,1.0,0.4351,0.5393,0.4155,0.9913,measured,"base, no mne (presumed: default python, no stderr kept)",output/experiment_c/mesae_finetune_c0/artifacts/train_20260919_032928.log
Experiment C,C0,"stamp_induced flat weights, 5-fold CV, dropout 0",5.0,2.0,0.3645,0.431,0.3595,0.9869,measured,"base, no mne (presumed: default python, no stderr kept)",output/experiment_c/mesae_finetune_c0/artifacts/train_20260919_032928.log
Experiment C,C0,"stamp_induced flat weights, 5-fold CV, dropout 0",5.0,3.0,0.4281,0.4726,0.4012,0.9784,measured,"base, no mne (presumed: default python, no stderr kept)",output/experiment_c/mesae_finetune_c0/artifacts/train_20260919_032928.log
Experiment C,C0,"stamp_induced flat weights, 5-fold CV, dropout 0",5.0,4.0,0.4793,0.5607,0.4702,0.9869,measured,"base, no mne (presumed: default python, no stderr kept)",output/experiment_c/mesae_finetune_c0/artifacts/train_20260919_032928.log
Experiment C,C0,"stamp_induced flat weights, 5-fold CV, dropout 0",6.0,0.0,0.3355,0.4357,0.3476,0.987,measured,"base, no mne (presumed: default python, no stderr kept)",output/experiment_c/mesae_finetune_c0/artifacts/train_20260919_032928.log
Experiment C,C0,"stamp_induced flat weights, 5-fold CV, dropout 0",6.0,1.0,0.2956,0.3607,0.2774,0.9782,measured,"base, no mne (presumed: default python, no stderr kept)",output/experiment_c/mesae_finetune_c0/artifacts/train_20260919_032928.log
Experiment C,C0,"stamp_induced flat weights, 5-fold CV, dropout 0",6.0,2.0,0.3575,0.4333,0.3107,0.9957,measured,"base, no mne (presumed: default python, no stderr kept)",output/experiment_c/mesae_finetune_c0/artifacts/train_20260919_032928.log
Experiment C,C0,"stamp_induced flat weights, 5-fold CV, dropout 0",6.0,3.0,0.3362,0.4417,0.3321,0.9826,measured,"base, no mne (presumed: default python, no stderr kept)",output/experiment_c/mesae_finetune_c0/artifacts/train_20260919_032928.log
Experiment C,C0,"stamp_induced flat weights, 5-fold CV, dropout 0",6.0,4.0,0.3045,0.3655,0.3321,0.9654,measured,"base, no mne (presumed: default python, no stderr kept)",output/experiment_c/mesae_finetune_c0/artifacts/train_20260919_032928.log
Experiment C,C0,"stamp_induced flat weights, 5-fold CV, dropout 0",7.0,0.0,0.4275,0.4845,0.4333,0.9913,measured,"base, no mne (presumed: default python, no stderr kept)",output/experiment_c/mesae_finetune_c0/artifacts/train_20260919_032928.log
Experiment C,C0,"stamp_induced flat weights, 5-fold CV, dropout 0",7.0,1.0,0.5419,0.6202,0.5714,0.9784,measured,"base, no mne (presumed: default python, no stderr kept)",output/experiment_c/mesae_finetune_c0/artifacts/train_20260919_032928.log
Experiment C,C0,"stamp_induced flat weights, 5-fold CV, dropout 0",7.0,2.0,0.568,0.6083,0.5357,0.9956,measured,"base, no mne (presumed: default python, no stderr kept)",output/experiment_c/mesae_finetune_c0/artifacts/train_20260919_032928.log
Experiment C,C0,"stamp_induced flat weights, 5-fold CV, dropout 0",7.0,3.0,0.5473,0.6321,0.5452,0.9957,measured,"base, no mne (presumed: default python, no stderr kept)",output/experiment_c/mesae_finetune_c0/artifacts/train_20260919_032928.log
Experiment C,C0,"stamp_induced flat weights, 5-fold CV, dropout 0",7.0,4.0,0.5721,0.6167,0.5607,0.987,measured,"base, no mne (presumed: default python, no stderr kept)",output/experiment_c/mesae_finetune_c0/artifacts/train_20260919_032928.log
Experiment C,C0,"stamp_induced flat weights, 5-fold CV, dropout 0",8.0,0.0,0.5731,0.6536,0.5905,0.9781,measured,"base, no mne (presumed: default python, no stderr kept)",output/experiment_c/mesae_finetune_c0/artifacts/train_20260919_032928.log
Experiment C,C0,"stamp_induced flat weights, 5-fold CV, dropout 0",8.0,1.0,0.5415,0.5714,0.4988,0.9912,measured,"base, no mne (presumed: default python, no stderr kept)",output/experiment_c/mesae_finetune_c0/artifacts/train_20260919_032928.log
Experiment C,C0,"stamp_induced flat weights, 5-fold CV, dropout 0",8.0,2.0,0.5623,0.6333,0.5643,1.0,measured,"base, no mne (presumed: default python, no stderr kept)",output/experiment_c/mesae_finetune_c0/artifacts/train_20260919_032928.log
Experiment C,C0,"stamp_induced flat weights, 5-fold CV, dropout 0",8.0,3.0,0.6568,0.6833,0.6655,0.9957,measured,"base, no mne (presumed: default python, no stderr kept)",output/experiment_c/mesae_finetune_c0/artifacts/train_20260919_032928.log
Experiment C,C0,"stamp_induced flat weights, 5-fold CV, dropout 0",8.0,4.0,0.5269,0.6214,0.5464,0.9957,measured,"base, no mne (presumed: default python, no stderr kept)",output/experiment_c/mesae_finetune_c0/artifacts/train_20260919_032928.log
Experiment C,C0,"stamp_induced flat weights, 5-fold CV, dropout 0",9.0,0.0,0.4039,0.4821,0.4131,1.0,measured,"base, no mne (presumed: default python, no stderr kept)",output/experiment_c/mesae_finetune_c0/artifacts/train_20260919_032928.log
Experiment C,C0,"stamp_induced flat weights, 5-fold CV, dropout 0",9.0,1.0,0.4647,0.5143,0.4798,0.987,measured,"base, no mne (presumed: default python, no stderr kept)",output/experiment_c/mesae_finetune_c0/artifacts/train_20260919_032928.log
Experiment C,C0,"stamp_induced flat weights, 5-fold CV, dropout 0",9.0,2.0,0.4312,0.4679,0.4155,0.9956,measured,"base, no mne (presumed: default python, no stderr kept)",output/experiment_c/mesae_finetune_c0/artifacts/train_20260919_032928.log
Experiment C,C0,"stamp_induced flat weights, 5-fold CV, dropout 0",9.0,3.0,0.4395,0.5607,0.4393,0.9957,measured,"base, no mne (presumed: default python, no stderr kept)",output/experiment_c/mesae_finetune_c0/artifacts/train_20260919_032928.log
Experiment C,C0,"stamp_induced flat weights, 5-fold CV, dropout 0",9.0,4.0,0.467,0.5607,0.4714,0.9871,measured,"base, no mne (presumed: default python, no stderr kept)",output/experiment_c/mesae_finetune_c0/artifacts/train_20260919_032928.log
Experiment C,C0 follow-up (a),"stamp_bandpow spatial:8 control, 5-fold CV, dropout 0",1.0,0.0,0.5502,0.6048,0.5714,0.77,measured,"base, no mne (confirmed in run stderr)",output/experiment_c/mesae_finetune_c0_control_bandpow_cv/artifacts/train_20260919_082029.log
Experiment C,C0 follow-up (a),"stamp_bandpow spatial:8 control, 5-fold CV, dropout 0",1.0,1.0,0.526,0.6167,0.531,0.7743,measured,"base, no mne (confirmed in run stderr)",output/experiment_c/mesae_finetune_c0_control_bandpow_cv/artifacts/train_20260919_082029.log
Experiment C,C0 follow-up (a),"stamp_bandpow spatial:8 control, 5-fold CV, dropout 0",1.0,2.0,0.5383,0.5917,0.506,0.6824,measured,"base, no mne (confirmed in run stderr)",output/experiment_c/mesae_finetune_c0_control_bandpow_cv/artifacts/train_20260919_082029.log
Experiment C,C0 follow-up (a),"stamp_bandpow spatial:8 control, 5-fold CV, dropout 0",1.0,3.0,0.4808,0.5845,0.4583,0.7694,measured,"base, no mne (confirmed in run stderr)",output/experiment_c/mesae_finetune_c0_control_bandpow_cv/artifacts/train_20260919_082029.log
Experiment C,C0 follow-up (a),"stamp_bandpow spatial:8 control, 5-fold CV, dropout 0",1.0,4.0,0.5622,0.6298,0.594,0.7703,measured,"base, no mne (confirmed in run stderr)",output/experiment_c/mesae_finetune_c0_control_bandpow_cv/artifacts/train_20260919_082029.log
Experiment C,C0 follow-up (a),"stamp_bandpow spatial:8 control, 5-fold CV, dropout 0",2.0,0.0,0.427,0.5345,0.4262,0.6916,measured,"base, no mne (confirmed in run stderr)",output/experiment_c/mesae_finetune_c0_control_bandpow_cv/artifacts/train_20260919_082029.log
Experiment C,C0 follow-up (a),"stamp_bandpow spatial:8 control, 5-fold CV, dropout 0",2.0,1.0,0.5314,0.5845,0.5012,0.6606,measured,"base, no mne (confirmed in run stderr)",output/experiment_c/mesae_finetune_c0_control_bandpow_cv/artifacts/train_20260919_082029.log
Experiment C,C0 follow-up (a),"stamp_bandpow spatial:8 control, 5-fold CV, dropout 0",2.0,2.0,0.5456,0.6238,0.569,0.6781,measured,"base, no mne (confirmed in run stderr)",output/experiment_c/mesae_finetune_c0_control_bandpow_cv/artifacts/train_20260919_082029.log
Experiment C,C0 follow-up (a),"stamp_bandpow spatial:8 control, 5-fold CV, dropout 0",2.0,3.0,0.4756,0.5417,0.4726,0.6665,measured,"base, no mne (confirmed in run stderr)",output/experiment_c/mesae_finetune_c0_control_bandpow_cv/artifacts/train_20260919_082029.log
Experiment C,C0 follow-up (a),"stamp_bandpow spatial:8 control, 5-fold CV, dropout 0",2.0,4.0,0.4024,0.4548,0.4536,0.6977,measured,"base, no mne (confirmed in run stderr)",output/experiment_c/mesae_finetune_c0_control_bandpow_cv/artifacts/train_20260919_082029.log
Experiment C,C0 follow-up (a),"stamp_bandpow spatial:8 control, 5-fold CV, dropout 0",3.0,0.0,0.6204,0.6738,0.6738,0.7133,measured,"base, no mne (confirmed in run stderr)",output/experiment_c/mesae_finetune_c0_control_bandpow_cv/artifacts/train_20260919_082029.log
Experiment C,C0 follow-up (a),"stamp_bandpow spatial:8 control, 5-fold CV, dropout 0",3.0,1.0,0.647,0.725,0.6036,0.7786,measured,"base, no mne (confirmed in run stderr)",output/experiment_c/mesae_finetune_c0_control_bandpow_cv/artifacts/train_20260919_082029.log
Experiment C,C0 follow-up (a),"stamp_bandpow spatial:8 control, 5-fold CV, dropout 0",3.0,2.0,0.5161,0.5881,0.4476,0.761,measured,"base, no mne (confirmed in run stderr)",output/experiment_c/mesae_finetune_c0_control_bandpow_cv/artifacts/train_20260919_082029.log
Experiment C,C0 follow-up (a),"stamp_bandpow spatial:8 control, 5-fold CV, dropout 0",3.0,3.0,0.5887,0.6631,0.6464,0.7667,measured,"base, no mne (confirmed in run stderr)",output/experiment_c/mesae_finetune_c0_control_bandpow_cv/artifacts/train_20260919_082029.log
Experiment C,C0 follow-up (a),"stamp_bandpow spatial:8 control, 5-fold CV, dropout 0",3.0,4.0,0.5835,0.6488,0.5452,0.7312,measured,"base, no mne (confirmed in run stderr)",output/experiment_c/mesae_finetune_c0_control_bandpow_cv/artifacts/train_20260919_082029.log
Experiment C,C0 follow-up (a),"stamp_bandpow spatial:8 control, 5-fold CV, dropout 0",4.0,0.0,0.377,0.4476,0.4321,0.639,measured,"base, no mne (confirmed in run stderr)",output/experiment_c/mesae_finetune_c0_control_bandpow_cv/artifacts/train_20260919_082029.log
Experiment C,C0 follow-up (a),"stamp_bandpow spatial:8 control, 5-fold CV, dropout 0",4.0,1.0,0.4331,0.4679,0.4667,0.674,measured,"base, no mne (confirmed in run stderr)",output/experiment_c/mesae_finetune_c0_control_bandpow_cv/artifacts/train_20260919_082029.log
Experiment C,C0 follow-up (a),"stamp_bandpow spatial:8 control, 5-fold CV, dropout 0",4.0,2.0,0.3814,0.4476,0.3786,0.7044,measured,"base, no mne (confirmed in run stderr)",output/experiment_c/mesae_finetune_c0_control_bandpow_cv/artifacts/train_20260919_082029.log
Experiment C,C0 follow-up (a),"stamp_bandpow spatial:8 control, 5-fold CV, dropout 0",4.0,3.0,0.3706,0.4726,0.3488,0.6233,measured,"base, no mne (confirmed in run stderr)",output/experiment_c/mesae_finetune_c0_control_bandpow_cv/artifacts/train_20260919_082029.log
Experiment C,C0 follow-up (a),"stamp_bandpow spatial:8 control, 5-fold CV, dropout 0",4.0,4.0,0.3592,0.4357,0.3536,0.5501,measured,"base, no mne (confirmed in run stderr)",output/experiment_c/mesae_finetune_c0_control_bandpow_cv/artifacts/train_20260919_082029.log
Experiment C,C0 follow-up (a),"stamp_bandpow spatial:8 control, 5-fold CV, dropout 0",5.0,0.0,0.2319,0.3512,0.2083,0.6351,measured,"base, no mne (confirmed in run stderr)",output/experiment_c/mesae_finetune_c0_control_bandpow_cv/artifacts/train_20260919_082029.log
Experiment C,C0 follow-up (a),"stamp_bandpow spatial:8 control, 5-fold CV, dropout 0",5.0,1.0,0.2793,0.394,0.2595,0.5825,measured,"base, no mne (confirmed in run stderr)",output/experiment_c/mesae_finetune_c0_control_bandpow_cv/artifacts/train_20260919_082029.log
Experiment C,C0 follow-up (a),"stamp_bandpow spatial:8 control, 5-fold CV, dropout 0",5.0,2.0,0.2812,0.3952,0.3071,0.5523,measured,"base, no mne (confirmed in run stderr)",output/experiment_c/mesae_finetune_c0_control_bandpow_cv/artifacts/train_20260919_082029.log
Experiment C,C0 follow-up (a),"stamp_bandpow spatial:8 control, 5-fold CV, dropout 0",5.0,3.0,0.2746,0.3381,0.2643,0.5933,measured,"base, no mne (confirmed in run stderr)",output/experiment_c/mesae_finetune_c0_control_bandpow_cv/artifacts/train_20260919_082029.log
Experiment C,C0 follow-up (a),"stamp_bandpow spatial:8 control, 5-fold CV, dropout 0",5.0,4.0,0.3039,0.3857,0.3143,0.6493,measured,"base, no mne (confirmed in run stderr)",output/experiment_c/mesae_finetune_c0_control_bandpow_cv/artifacts/train_20260919_082029.log
Experiment C,C0 follow-up (a),"stamp_bandpow spatial:8 control, 5-fold CV, dropout 0",6.0,0.0,0.3399,0.4369,0.3298,0.6955,measured,"base, no mne (confirmed in run stderr)",output/experiment_c/mesae_finetune_c0_control_bandpow_cv/artifacts/train_20260919_082029.log
Experiment C,C0 follow-up (a),"stamp_bandpow spatial:8 control, 5-fold CV, dropout 0",6.0,1.0,0.403,0.4643,0.3821,0.6521,measured,"base, no mne (confirmed in run stderr)",output/experiment_c/mesae_finetune_c0_control_bandpow_cv/artifacts/train_20260919_082029.log
Experiment C,C0 follow-up (a),"stamp_bandpow spatial:8 control, 5-fold CV, dropout 0",6.0,2.0,0.3662,0.5262,0.4464,0.5828,measured,"base, no mne (confirmed in run stderr)",output/experiment_c/mesae_finetune_c0_control_bandpow_cv/artifacts/train_20260919_082029.log
Experiment C,C0 follow-up (a),"stamp_bandpow spatial:8 control, 5-fold CV, dropout 0",6.0,3.0,0.3172,0.3869,0.3333,0.6541,measured,"base, no mne (confirmed in run stderr)",output/experiment_c/mesae_finetune_c0_control_bandpow_cv/artifacts/train_20260919_082029.log
Experiment C,C0 follow-up (a),"stamp_bandpow spatial:8 control, 5-fold CV, dropout 0",6.0,4.0,0.4422,0.5095,0.4548,0.6755,measured,"base, no mne (confirmed in run stderr)",output/experiment_c/mesae_finetune_c0_control_bandpow_cv/artifacts/train_20260919_082029.log
Experiment C,C0 follow-up (a),"stamp_bandpow spatial:8 control, 5-fold CV, dropout 0",7.0,0.0,0.5375,0.644,0.5369,0.8302,measured,"base, no mne (confirmed in run stderr)",output/experiment_c/mesae_finetune_c0_control_bandpow_cv/artifacts/train_20260919_082029.log
Experiment C,C0 follow-up (a),"stamp_bandpow spatial:8 control, 5-fold CV, dropout 0",7.0,1.0,0.6263,0.6738,0.6214,0.8302,measured,"base, no mne (confirmed in run stderr)",output/experiment_c/mesae_finetune_c0_control_bandpow_cv/artifacts/train_20260919_082029.log
Experiment C,C0 follow-up (a),"stamp_bandpow spatial:8 control, 5-fold CV, dropout 0",7.0,2.0,0.5888,0.6405,0.5893,0.8172,measured,"base, no mne (confirmed in run stderr)",output/experiment_c/mesae_finetune_c0_control_bandpow_cv/artifacts/train_20260919_082029.log
Experiment C,C0 follow-up (a),"stamp_bandpow spatial:8 control, 5-fold CV, dropout 0",7.0,3.0,0.5951,0.6512,0.6,0.8266,measured,"base, no mne (confirmed in run stderr)",output/experiment_c/mesae_finetune_c0_control_bandpow_cv/artifacts/train_20260919_082029.log
Experiment C,C0 follow-up (a),"stamp_bandpow spatial:8 control, 5-fold CV, dropout 0",7.0,4.0,0.5491,0.6155,0.5583,0.8398,measured,"base, no mne (confirmed in run stderr)",output/experiment_c/mesae_finetune_c0_control_bandpow_cv/artifacts/train_20260919_082029.log
Experiment C,C0 follow-up (a),"stamp_bandpow spatial:8 control, 5-fold CV, dropout 0",8.0,0.0,0.6532,0.7238,0.6917,0.7697,measured,"base, no mne (confirmed in run stderr)",output/experiment_c/mesae_finetune_c0_control_bandpow_cv/artifacts/train_20260919_082029.log
Experiment C,C0 follow-up (a),"stamp_bandpow spatial:8 control, 5-fold CV, dropout 0",8.0,1.0,0.642,0.7036,0.6881,0.8438,measured,"base, no mne (confirmed in run stderr)",output/experiment_c/mesae_finetune_c0_control_bandpow_cv/artifacts/train_20260919_082029.log
Experiment C,C0 follow-up (a),"stamp_bandpow spatial:8 control, 5-fold CV, dropout 0",8.0,2.0,0.6377,0.6595,0.6369,0.7916,measured,"base, no mne (confirmed in run stderr)",output/experiment_c/mesae_finetune_c0_control_bandpow_cv/artifacts/train_20260919_082029.log
Experiment C,C0 follow-up (a),"stamp_bandpow spatial:8 control, 5-fold CV, dropout 0",8.0,3.0,0.6913,0.7369,0.7012,0.7576,measured,"base, no mne (confirmed in run stderr)",output/experiment_c/mesae_finetune_c0_control_bandpow_cv/artifacts/train_20260919_082029.log
Experiment C,C0 follow-up (a),"stamp_bandpow spatial:8 control, 5-fold CV, dropout 0",8.0,4.0,0.5602,0.6393,0.5845,0.8221,measured,"base, no mne (confirmed in run stderr)",output/experiment_c/mesae_finetune_c0_control_bandpow_cv/artifacts/train_20260919_082029.log
Experiment C,C0 follow-up (a),"stamp_bandpow spatial:8 control, 5-fold CV, dropout 0",9.0,0.0,0.466,0.5679,0.4679,0.7092,measured,"base, no mne (confirmed in run stderr)",output/experiment_c/mesae_finetune_c0_control_bandpow_cv/artifacts/train_20260919_082029.log
Experiment C,C0 follow-up (a),"stamp_bandpow spatial:8 control, 5-fold CV, dropout 0",9.0,1.0,0.3563,0.4345,0.3107,0.6999,measured,"base, no mne (confirmed in run stderr)",output/experiment_c/mesae_finetune_c0_control_bandpow_cv/artifacts/train_20260919_082029.log
Experiment C,C0 follow-up (a),"stamp_bandpow spatial:8 control, 5-fold CV, dropout 0",9.0,2.0,0.4342,0.4738,0.3857,0.7387,measured,"base, no mne (confirmed in run stderr)",output/experiment_c/mesae_finetune_c0_control_bandpow_cv/artifacts/train_20260919_082029.log
Experiment C,C0 follow-up (a),"stamp_bandpow spatial:8 control, 5-fold CV, dropout 0",9.0,3.0,0.3352,0.45,0.3167,0.6838,measured,"base, no mne (confirmed in run stderr)",output/experiment_c/mesae_finetune_c0_control_bandpow_cv/artifacts/train_20260919_082029.log
Experiment C,C0 follow-up (a),"stamp_bandpow spatial:8 control, 5-fold CV, dropout 0",9.0,4.0,0.5828,0.6143,0.5952,0.7015,measured,"base, no mne (confirmed in run stderr)",output/experiment_c/mesae_finetune_c0_control_bandpow_cv/artifacts/train_20260919_082029.log
Experiment C,C0 baseline (clean),"stamp_induced flat weights, 5-fold CV, dropout 0.5",1.0,0.0,0.6206,0.6524,0.619,0.7867,measured,"base, no mne (presumed: default python, no stderr kept)",output/experiment_c/mesae_finetune_c0_dropout05_5fold/artifacts/train_20260919_153852.log
Experiment C,C0 baseline (clean),"stamp_induced flat weights, 5-fold CV, dropout 0.5",1.0,1.0,0.4852,0.5595,0.4786,0.7653,measured,"base, no mne (presumed: default python, no stderr kept)",output/experiment_c/mesae_finetune_c0_dropout05_5fold/artifacts/train_20260919_153852.log
Experiment C,C0 baseline (clean),"stamp_induced flat weights, 5-fold CV, dropout 0.5",1.0,2.0,0.5977,0.6857,0.6048,0.7951,measured,"base, no mne (presumed: default python, no stderr kept)",output/experiment_c/mesae_finetune_c0_dropout05_5fold/artifacts/train_20260919_153852.log
Experiment C,C0 baseline (clean),"stamp_induced flat weights, 5-fold CV, dropout 0.5",1.0,3.0,0.5926,0.6321,0.5833,0.8052,measured,"base, no mne (presumed: default python, no stderr kept)",output/experiment_c/mesae_finetune_c0_dropout05_5fold/artifacts/train_20260919_153852.log
Experiment C,C0 baseline (clean),"stamp_induced flat weights, 5-fold CV, dropout 0.5",1.0,4.0,0.5782,0.6643,0.594,0.7615,measured,"base, no mne (presumed: default python, no stderr kept)",output/experiment_c/mesae_finetune_c0_dropout05_5fold/artifacts/train_20260919_153852.log
Experiment C,C0 baseline (clean),"stamp_induced flat weights, 5-fold CV, dropout 0.5",2.0,0.0,0.4636,0.5298,0.4429,0.7349,measured,"base, no mne (presumed: default python, no stderr kept)",output/experiment_c/mesae_finetune_c0_dropout05_5fold/artifacts/train_20260919_153852.log
Experiment C,C0 baseline (clean),"stamp_induced flat weights, 5-fold CV, dropout 0.5",2.0,1.0,0.4785,0.5643,0.4988,0.6866,measured,"base, no mne (presumed: default python, no stderr kept)",output/experiment_c/mesae_finetune_c0_dropout05_5fold/artifacts/train_20260919_153852.log
Experiment C,C0 baseline (clean),"stamp_induced flat weights, 5-fold CV, dropout 0.5",2.0,2.0,0.4002,0.4988,0.331,0.695,measured,"base, no mne (presumed: default python, no stderr kept)",output/experiment_c/mesae_finetune_c0_dropout05_5fold/artifacts/train_20260919_153852.log
Experiment C,C0 baseline (clean),"stamp_induced flat weights, 5-fold CV, dropout 0.5",2.0,3.0,0.5567,0.6202,0.5667,0.7184,measured,"base, no mne (presumed: default python, no stderr kept)",output/experiment_c/mesae_finetune_c0_dropout05_5fold/artifacts/train_20260919_153852.log
Experiment C,C0 baseline (clean),"stamp_induced flat weights, 5-fold CV, dropout 0.5",2.0,4.0,0.3671,0.45,0.3833,0.732,measured,"base, no mne (presumed: default python, no stderr kept)",output/experiment_c/mesae_finetune_c0_dropout05_5fold/artifacts/train_20260919_153852.log
Experiment C,C0 baseline (clean),"stamp_induced flat weights, 5-fold CV, dropout 0.5",3.0,0.0,0.622,0.6762,0.6036,0.7913,measured,"base, no mne (presumed: default python, no stderr kept)",output/experiment_c/mesae_finetune_c0_dropout05_5fold/artifacts/train_20260919_153852.log
Experiment C,C0 baseline (clean),"stamp_induced flat weights, 5-fold CV, dropout 0.5",3.0,1.0,0.5792,0.6524,0.5881,0.7571,measured,"base, no mne (presumed: default python, no stderr kept)",output/experiment_c/mesae_finetune_c0_dropout05_5fold/artifacts/train_20260919_153852.log
Experiment C,C0 baseline (clean),"stamp_induced flat weights, 5-fold CV, dropout 0.5",3.0,2.0,0.5346,0.5857,0.5333,0.717,measured,"base, no mne (presumed: default python, no stderr kept)",output/experiment_c/mesae_finetune_c0_dropout05_5fold/artifacts/train_20260919_153852.log
Experiment C,C0 baseline (clean),"stamp_induced flat weights, 5-fold CV, dropout 0.5",3.0,3.0,0.5269,0.6274,0.6107,0.723,measured,"base, no mne (presumed: default python, no stderr kept)",output/experiment_c/mesae_finetune_c0_dropout05_5fold/artifacts/train_20260919_153852.log
Experiment C,C0 baseline (clean),"stamp_induced flat weights, 5-fold CV, dropout 0.5",3.0,4.0,0.545,0.6179,0.525,0.7571,measured,"base, no mne (presumed: default python, no stderr kept)",output/experiment_c/mesae_finetune_c0_dropout05_5fold/artifacts/train_20260919_153852.log
Experiment C,C0 baseline (clean),"stamp_induced flat weights, 5-fold CV, dropout 0.5",4.0,0.0,0.4546,0.5345,0.4155,0.6779,measured,"base, no mne (presumed: default python, no stderr kept)",output/experiment_c/mesae_finetune_c0_dropout05_5fold/artifacts/train_20260919_153852.log
Experiment C,C0 baseline (clean),"stamp_induced flat weights, 5-fold CV, dropout 0.5",4.0,1.0,0.4581,0.5,0.4655,0.682,measured,"base, no mne (presumed: default python, no stderr kept)",output/experiment_c/mesae_finetune_c0_dropout05_5fold/artifacts/train_20260919_153852.log
Experiment C,C0 baseline (clean),"stamp_induced flat weights, 5-fold CV, dropout 0.5",4.0,2.0,0.3065,0.4845,0.3083,0.6785,measured,"base, no mne (presumed: default python, no stderr kept)",output/experiment_c/mesae_finetune_c0_dropout05_5fold/artifacts/train_20260919_153852.log
Experiment C,C0 baseline (clean),"stamp_induced flat weights, 5-fold CV, dropout 0.5",4.0,3.0,0.4186,0.475,0.475,0.7015,measured,"base, no mne (presumed: default python, no stderr kept)",output/experiment_c/mesae_finetune_c0_dropout05_5fold/artifacts/train_20260919_153852.log
Experiment C,C0 baseline (clean),"stamp_induced flat weights, 5-fold CV, dropout 0.5",4.0,4.0,0.418,0.475,0.4381,0.6797,measured,"base, no mne (presumed: default python, no stderr kept)",output/experiment_c/mesae_finetune_c0_dropout05_5fold/artifacts/train_20260919_153852.log
Experiment C,C0 baseline (clean),"stamp_induced flat weights, 5-fold CV, dropout 0.5",5.0,0.0,0.3907,0.4726,0.3798,0.6826,measured,"base, no mne (presumed: default python, no stderr kept)",output/experiment_c/mesae_finetune_c0_dropout05_5fold/artifacts/train_20260919_153852.log
Experiment C,C0 baseline (clean),"stamp_induced flat weights, 5-fold CV, dropout 0.5",5.0,1.0,0.3575,0.4821,0.3167,0.6954,measured,"base, no mne (presumed: default python, no stderr kept)",output/experiment_c/mesae_finetune_c0_dropout05_5fold/artifacts/train_20260919_153852.log
Experiment C,C0 baseline (clean),"stamp_induced flat weights, 5-fold CV, dropout 0.5",5.0,2.0,0.4538,0.5,0.4321,0.6264,measured,"base, no mne (presumed: default python, no stderr kept)",output/experiment_c/mesae_finetune_c0_dropout05_5fold/artifacts/train_20260919_153852.log
Experiment C,C0 baseline (clean),"stamp_induced flat weights, 5-fold CV, dropout 0.5",5.0,3.0,0.3102,0.4167,0.3143,0.6495,measured,"base, no mne (presumed: default python, no stderr kept)",output/experiment_c/mesae_finetune_c0_dropout05_5fold/artifacts/train_20260919_153852.log
Experiment C,C0 baseline (clean),"stamp_induced flat weights, 5-fold CV, dropout 0.5",5.0,4.0,0.424,0.475,0.4202,0.6711,measured,"base, no mne (presumed: default python, no stderr kept)",output/experiment_c/mesae_finetune_c0_dropout05_5fold/artifacts/train_20260919_153852.log
Experiment C,C0 baseline (clean),"stamp_induced flat weights, 5-fold CV, dropout 0.5",6.0,0.0,0.34,0.4298,0.331,0.6438,measured,"base, no mne (presumed: default python, no stderr kept)",output/experiment_c/mesae_finetune_c0_dropout05_5fold/artifacts/train_20260919_153852.log
Experiment C,C0 baseline (clean),"stamp_induced flat weights, 5-fold CV, dropout 0.5",6.0,1.0,0.3244,0.4321,0.3262,0.6651,measured,"base, no mne (presumed: default python, no stderr kept)",output/experiment_c/mesae_finetune_c0_dropout05_5fold/artifacts/train_20260919_153852.log
Experiment C,C0 baseline (clean),"stamp_induced flat weights, 5-fold CV, dropout 0.5",6.0,2.0,0.4257,0.4595,0.4298,0.6654,measured,"base, no mne (presumed: default python, no stderr kept)",output/experiment_c/mesae_finetune_c0_dropout05_5fold/artifacts/train_20260919_153852.log
Experiment C,C0 baseline (clean),"stamp_induced flat weights, 5-fold CV, dropout 0.5",6.0,3.0,0.3354,0.4464,0.3702,0.6497,measured,"base, no mne (presumed: default python, no stderr kept)",output/experiment_c/mesae_finetune_c0_dropout05_5fold/artifacts/train_20260919_153852.log
Experiment C,C0 baseline (clean),"stamp_induced flat weights, 5-fold CV, dropout 0.5",6.0,4.0,0.3486,0.4417,0.3,0.7141,measured,"base, no mne (presumed: default python, no stderr kept)",output/experiment_c/mesae_finetune_c0_dropout05_5fold/artifacts/train_20260919_153852.log
Experiment C,C0 baseline (clean),"stamp_induced flat weights, 5-fold CV, dropout 0.5",7.0,0.0,0.5944,0.6393,0.5845,0.8258,measured,"base, no mne (presumed: default python, no stderr kept)",output/experiment_c/mesae_finetune_c0_dropout05_5fold/artifacts/train_20260919_153852.log
Experiment C,C0 baseline (clean),"stamp_induced flat weights, 5-fold CV, dropout 0.5",7.0,1.0,0.5673,0.619,0.5512,0.8479,measured,"base, no mne (presumed: default python, no stderr kept)",output/experiment_c/mesae_finetune_c0_dropout05_5fold/artifacts/train_20260919_153852.log
Experiment C,C0 baseline (clean),"stamp_induced flat weights, 5-fold CV, dropout 0.5",7.0,2.0,0.606,0.6917,0.5845,0.7871,measured,"base, no mne (presumed: default python, no stderr kept)",output/experiment_c/mesae_finetune_c0_dropout05_5fold/artifacts/train_20260919_153852.log
Experiment C,C0 baseline (clean),"stamp_induced flat weights, 5-fold CV, dropout 0.5",7.0,3.0,0.5573,0.6179,0.581,0.7877,measured,"base, no mne (presumed: default python, no stderr kept)",output/experiment_c/mesae_finetune_c0_dropout05_5fold/artifacts/train_20260919_153852.log
Experiment C,C0 baseline (clean),"stamp_induced flat weights, 5-fold CV, dropout 0.5",7.0,4.0,0.5396,0.581,0.5274,0.8399,measured,"base, no mne (presumed: default python, no stderr kept)",output/experiment_c/mesae_finetune_c0_dropout05_5fold/artifacts/train_20260919_153852.log
Experiment C,C0 baseline (clean),"stamp_induced flat weights, 5-fold CV, dropout 0.5",8.0,0.0,0.637,0.7083,0.7083,0.7907,measured,"base, no mne (presumed: default python, no stderr kept)",output/experiment_c/mesae_finetune_c0_dropout05_5fold/artifacts/train_20260919_153852.log
Experiment C,C0 baseline (clean),"stamp_induced flat weights, 5-fold CV, dropout 0.5",8.0,1.0,0.6474,0.706,0.6881,0.8047,measured,"base, no mne (presumed: default python, no stderr kept)",output/experiment_c/mesae_finetune_c0_dropout05_5fold/artifacts/train_20260919_153852.log
Experiment C,C0 baseline (clean),"stamp_induced flat weights, 5-fold CV, dropout 0.5",8.0,2.0,0.7084,0.7405,0.7214,0.8397,measured,"base, no mne (presumed: default python, no stderr kept)",output/experiment_c/mesae_finetune_c0_dropout05_5fold/artifacts/train_20260919_153852.log
Experiment C,C0 baseline (clean),"stamp_induced flat weights, 5-fold CV, dropout 0.5",8.0,3.0,0.7137,0.7893,0.7536,0.8271,measured,"base, no mne (presumed: default python, no stderr kept)",output/experiment_c/mesae_finetune_c0_dropout05_5fold/artifacts/train_20260919_153852.log
Experiment C,C0 baseline (clean),"stamp_induced flat weights, 5-fold CV, dropout 0.5",8.0,4.0,0.6198,0.7179,0.6214,0.7703,measured,"base, no mne (presumed: default python, no stderr kept)",output/experiment_c/mesae_finetune_c0_dropout05_5fold/artifacts/train_20260919_153852.log
Experiment C,C0 baseline (clean),"stamp_induced flat weights, 5-fold CV, dropout 0.5",9.0,0.0,0.4857,0.5655,0.4643,0.761,measured,"base, no mne (presumed: default python, no stderr kept)",output/experiment_c/mesae_finetune_c0_dropout05_5fold/artifacts/train_20260919_153852.log
Experiment C,C0 baseline (clean),"stamp_induced flat weights, 5-fold CV, dropout 0.5",9.0,1.0,0.5674,0.6024,0.5857,0.7174,measured,"base, no mne (presumed: default python, no stderr kept)",output/experiment_c/mesae_finetune_c0_dropout05_5fold/artifacts/train_20260919_153852.log
Experiment C,C0 baseline (clean),"stamp_induced flat weights, 5-fold CV, dropout 0.5",9.0,2.0,0.3624,0.4476,0.4131,0.7389,measured,"base, no mne (presumed: default python, no stderr kept)",output/experiment_c/mesae_finetune_c0_dropout05_5fold/artifacts/train_20260919_153852.log
Experiment C,C0 baseline (clean),"stamp_induced flat weights, 5-fold CV, dropout 0.5",9.0,3.0,0.4624,0.5429,0.4929,0.7444,measured,"base, no mne (presumed: default python, no stderr kept)",output/experiment_c/mesae_finetune_c0_dropout05_5fold/artifacts/train_20260919_153852.log
Experiment C,C0 baseline (clean),"stamp_induced flat weights, 5-fold CV, dropout 0.5",9.0,4.0,0.5019,0.5964,0.4869,0.7232,measured,"base, no mne (presumed: default python, no stderr kept)",output/experiment_c/mesae_finetune_c0_dropout05_5fold/artifacts/train_20260919_153852.log
Experiment C,C1,"stamp_induced learned:2 time weights, 5-fold CV, dropout 0.5",1.0,0.0,0.5792,0.6202,0.5321,0.8783,measured,"base, no mne (presumed: default python, no stderr kept)",output/experiment_c/mesae_finetune_c1_learned2/artifacts/train_20260919_192402.log
Experiment C,C1,"stamp_induced learned:2 time weights, 5-fold CV, dropout 0.5",1.0,1.0,0.5441,0.6179,0.531,0.8348,measured,"base, no mne (presumed: default python, no stderr kept)",output/experiment_c/mesae_finetune_c1_learned2/artifacts/train_20260919_192402.log
Experiment C,C1,"stamp_induced learned:2 time weights, 5-fold CV, dropout 0.5",1.0,2.0,0.6755,0.725,0.656,0.8739,measured,"base, no mne (presumed: default python, no stderr kept)",output/experiment_c/mesae_finetune_c1_learned2/artifacts/train_20260919_192402.log
Experiment C,C1,"stamp_induced learned:2 time weights, 5-fold CV, dropout 0.5",1.0,3.0,0.5743,0.6357,0.5988,0.8787,measured,"base, no mne (presumed: default python, no stderr kept)",output/experiment_c/mesae_finetune_c1_learned2/artifacts/train_20260919_192402.log
Experiment C,C1,"stamp_induced learned:2 time weights, 5-fold CV, dropout 0.5",1.0,4.0,0.5801,0.6464,0.5762,0.8445,measured,"base, no mne (presumed: default python, no stderr kept)",output/experiment_c/mesae_finetune_c1_learned2/artifacts/train_20260919_192402.log
Experiment C,C1,"stamp_induced learned:2 time weights, 5-fold CV, dropout 0.5",2.0,0.0,0.3602,0.4821,0.3417,0.8132,measured,"base, no mne (presumed: default python, no stderr kept)",output/experiment_c/mesae_finetune_c1_learned2/artifacts/train_20260919_192402.log
Experiment C,C1,"stamp_induced learned:2 time weights, 5-fold CV, dropout 0.5",2.0,1.0,0.5721,0.6202,0.5488,0.8476,measured,"base, no mne (presumed: default python, no stderr kept)",output/experiment_c/mesae_finetune_c1_learned2/artifacts/train_20260919_192402.log
Experiment C,C1,"stamp_induced learned:2 time weights, 5-fold CV, dropout 0.5",2.0,2.0,0.4514,0.5738,0.4333,0.8128,measured,"base, no mne (presumed: default python, no stderr kept)",output/experiment_c/mesae_finetune_c1_learned2/artifacts/train_20260919_192402.log
Experiment C,C1,"stamp_induced learned:2 time weights, 5-fold CV, dropout 0.5",2.0,3.0,0.5642,0.6167,0.5667,0.809,measured,"base, no mne (presumed: default python, no stderr kept)",output/experiment_c/mesae_finetune_c1_learned2/artifacts/train_20260919_192402.log
Experiment C,C1,"stamp_induced learned:2 time weights, 5-fold CV, dropout 0.5",2.0,4.0,0.4836,0.5393,0.4512,0.7973,measured,"base, no mne (presumed: default python, no stderr kept)",output/experiment_c/mesae_finetune_c1_learned2/artifacts/train_20260919_192402.log
Experiment C,C1,"stamp_induced learned:2 time weights, 5-fold CV, dropout 0.5",3.0,0.0,0.6582,0.7274,0.6929,0.8999,measured,"base, no mne (presumed: default python, no stderr kept)",output/experiment_c/mesae_finetune_c1_learned2/artifacts/train_20260919_192402.log
Experiment C,C1,"stamp_induced learned:2 time weights, 5-fold CV, dropout 0.5",3.0,1.0,0.6656,0.7083,0.6905,0.8784,measured,"base, no mne (presumed: default python, no stderr kept)",output/experiment_c/mesae_finetune_c1_learned2/artifacts/train_20260919_192402.log
Experiment C,C1,"stamp_induced learned:2 time weights, 5-fold CV, dropout 0.5",3.0,2.0,0.6539,0.706,0.6369,0.9435,measured,"base, no mne (presumed: default python, no stderr kept)",output/experiment_c/mesae_finetune_c1_learned2/artifacts/train_20260919_192402.log
Experiment C,C1,"stamp_induced learned:2 time weights, 5-fold CV, dropout 0.5",3.0,3.0,0.8556,0.9107,0.8393,0.9135,measured,"base, no mne (presumed: default python, no stderr kept)",output/experiment_c/mesae_finetune_c1_learned2/artifacts/train_20260919_192402.log
Experiment C,C1,"stamp_induced learned:2 time weights, 5-fold CV, dropout 0.5",3.0,4.0,0.6319,0.7048,0.6167,0.8784,measured,"base, no mne (presumed: default python, no stderr kept)",output/experiment_c/mesae_finetune_c1_learned2/artifacts/train_20260919_192402.log
Experiment C,C1,"stamp_induced learned:2 time weights, 5-fold CV, dropout 0.5",4.0,0.0,0.4346,0.5214,0.4179,0.7917,measured,"base, no mne (presumed: default python, no stderr kept)",output/experiment_c/mesae_finetune_c1_learned2/artifacts/train_20260919_192402.log
Experiment C,C1,"stamp_induced learned:2 time weights, 5-fold CV, dropout 0.5",4.0,1.0,0.3267,0.4048,0.3143,0.8305,measured,"base, no mne (presumed: default python, no stderr kept)",output/experiment_c/mesae_finetune_c1_learned2/artifacts/train_20260919_192402.log
Experiment C,C1,"stamp_induced learned:2 time weights, 5-fold CV, dropout 0.5",4.0,2.0,0.3611,0.45,0.3607,0.8308,measured,"base, no mne (presumed: default python, no stderr kept)",output/experiment_c/mesae_finetune_c1_learned2/artifacts/train_20260919_192402.log
Experiment C,C1,"stamp_induced learned:2 time weights, 5-fold CV, dropout 0.5",4.0,3.0,0.3642,0.4036,0.331,0.7924,measured,"base, no mne (presumed: default python, no stderr kept)",output/experiment_c/mesae_finetune_c1_learned2/artifacts/train_20260919_192402.log
Experiment C,C1,"stamp_induced learned:2 time weights, 5-fold CV, dropout 0.5",4.0,4.0,0.3553,0.4036,0.35,0.7748,measured,"base, no mne (presumed: default python, no stderr kept)",output/experiment_c/mesae_finetune_c1_learned2/artifacts/train_20260919_192402.log
Experiment C,C1,"stamp_induced learned:2 time weights, 5-fold CV, dropout 0.5",5.0,0.0,0.3183,0.4321,0.2798,0.7086,measured,"base, no mne (presumed: default python, no stderr kept)",output/experiment_c/mesae_finetune_c1_learned2/artifacts/train_20260919_192402.log
Experiment C,C1,"stamp_induced learned:2 time weights, 5-fold CV, dropout 0.5",5.0,1.0,0.3204,0.4238,0.3274,0.726,measured,"base, no mne (presumed: default python, no stderr kept)",output/experiment_c/mesae_finetune_c1_learned2/artifacts/train_20260919_192402.log
Experiment C,C1,"stamp_induced learned:2 time weights, 5-fold CV, dropout 0.5",5.0,2.0,0.4071,0.4464,0.4119,0.7821,measured,"base, no mne (presumed: default python, no stderr kept)",output/experiment_c/mesae_finetune_c1_learned2/artifacts/train_20260919_192402.log
Experiment C,C1,"stamp_induced learned:2 time weights, 5-fold CV, dropout 0.5",5.0,3.0,0.3601,0.4202,0.3512,0.7319,measured,"base, no mne (presumed: default python, no stderr kept)",output/experiment_c/mesae_finetune_c1_learned2/artifacts/train_20260919_192402.log
Experiment C,C1,"stamp_induced learned:2 time weights, 5-fold CV, dropout 0.5",5.0,4.0,0.4248,0.494,0.406,0.7793,measured,"base, no mne (presumed: default python, no stderr kept)",output/experiment_c/mesae_finetune_c1_learned2/artifacts/train_20260919_192402.log
Experiment C,C1,"stamp_induced learned:2 time weights, 5-fold CV, dropout 0.5",6.0,0.0,0.2715,0.4119,0.2595,0.7958,measured,"base, no mne (presumed: default python, no stderr kept)",output/experiment_c/mesae_finetune_c1_learned2/artifacts/train_20260919_192402.log
Experiment C,C1,"stamp_induced learned:2 time weights, 5-fold CV, dropout 0.5",6.0,1.0,0.3116,0.4095,0.3107,0.744,measured,"base, no mne (presumed: default python, no stderr kept)",output/experiment_c/mesae_finetune_c1_learned2/artifacts/train_20260919_192402.log
Experiment C,C1,"stamp_induced learned:2 time weights, 5-fold CV, dropout 0.5",6.0,2.0,0.3311,0.4762,0.3298,0.7781,measured,"base, no mne (presumed: default python, no stderr kept)",output/experiment_c/mesae_finetune_c1_learned2/artifacts/train_20260919_192402.log
Experiment C,C1,"stamp_induced learned:2 time weights, 5-fold CV, dropout 0.5",6.0,3.0,0.3837,0.4405,0.4048,0.7792,measured,"base, no mne (presumed: default python, no stderr kept)",output/experiment_c/mesae_finetune_c1_learned2/artifacts/train_20260919_192402.log
Experiment C,C1,"stamp_induced learned:2 time weights, 5-fold CV, dropout 0.5",6.0,4.0,0.2536,0.3679,0.2429,0.7836,measured,"base, no mne (presumed: default python, no stderr kept)",output/experiment_c/mesae_finetune_c1_learned2/artifacts/train_20260919_192402.log
Experiment C,C1,"stamp_induced learned:2 time weights, 5-fold CV, dropout 0.5",7.0,0.0,0.5971,0.656,0.6202,0.8652,measured,"base, no mne (presumed: default python, no stderr kept)",output/experiment_c/mesae_finetune_c1_learned2/artifacts/train_20260919_192402.log
Experiment C,C1,"stamp_induced learned:2 time weights, 5-fold CV, dropout 0.5",7.0,1.0,0.6619,0.7417,0.6583,0.9,measured,"base, no mne (presumed: default python, no stderr kept)",output/experiment_c/mesae_finetune_c1_learned2/artifacts/train_20260919_192402.log
Experiment C,C1,"stamp_induced learned:2 time weights, 5-fold CV, dropout 0.5",7.0,2.0,0.5735,0.6738,0.5381,0.887,measured,"base, no mne (presumed: default python, no stderr kept)",output/experiment_c/mesae_finetune_c1_learned2/artifacts/train_20260919_192402.log
Experiment C,C1,"stamp_induced learned:2 time weights, 5-fold CV, dropout 0.5",7.0,3.0,0.527,0.6714,0.5107,0.892,measured,"base, no mne (presumed: default python, no stderr kept)",output/experiment_c/mesae_finetune_c1_learned2/artifacts/train_20260919_192402.log
Experiment C,C1,"stamp_induced learned:2 time weights, 5-fold CV, dropout 0.5",7.0,4.0,0.6645,0.7381,0.7024,0.8529,measured,"base, no mne (presumed: default python, no stderr kept)",output/experiment_c/mesae_finetune_c1_learned2/artifacts/train_20260919_192402.log
Experiment C,C1,"stamp_induced learned:2 time weights, 5-fold CV, dropout 0.5",8.0,0.0,0.6075,0.7095,0.625,0.926,measured,"base, no mne (presumed: default python, no stderr kept)",output/experiment_c/mesae_finetune_c1_learned2/artifacts/train_20260919_192402.log
Experiment C,C1,"stamp_induced learned:2 time weights, 5-fold CV, dropout 0.5",8.0,1.0,0.738,0.7774,0.725,0.8959,measured,"base, no mne (presumed: default python, no stderr kept)",output/experiment_c/mesae_finetune_c1_learned2/artifacts/train_20260919_192402.log
Experiment C,C1,"stamp_induced learned:2 time weights, 5-fold CV, dropout 0.5",8.0,2.0,0.7348,0.7762,0.775,0.887,measured,"base, no mne (presumed: default python, no stderr kept)",output/experiment_c/mesae_finetune_c1_learned2/artifacts/train_20260919_192402.log
Experiment C,C1,"stamp_induced learned:2 time weights, 5-fold CV, dropout 0.5",8.0,3.0,0.6095,0.6619,0.6321,0.879,measured,"base, no mne (presumed: default python, no stderr kept)",output/experiment_c/mesae_finetune_c1_learned2/artifacts/train_20260919_192402.log
Experiment C,C1,"stamp_induced learned:2 time weights, 5-fold CV, dropout 0.5",8.0,4.0,0.6475,0.7048,0.6333,0.9003,measured,"base, no mne (presumed: default python, no stderr kept)",output/experiment_c/mesae_finetune_c1_learned2/artifacts/train_20260919_192402.log
Experiment C,C1,"stamp_induced learned:2 time weights, 5-fold CV, dropout 0.5",9.0,0.0,0.6841,0.7226,0.6893,0.9263,measured,"base, no mne (presumed: default python, no stderr kept)",output/experiment_c/mesae_finetune_c1_learned2/artifacts/train_20260919_192402.log
Experiment C,C1,"stamp_induced learned:2 time weights, 5-fold CV, dropout 0.5",9.0,1.0,0.7989,0.8321,0.7786,0.8867,measured,"base, no mne (presumed: default python, no stderr kept)",output/experiment_c/mesae_finetune_c1_learned2/artifacts/train_20260919_192402.log
Experiment C,C1,"stamp_induced learned:2 time weights, 5-fold CV, dropout 0.5",9.0,2.0,0.7169,0.7452,0.7286,0.9347,measured,"base, no mne (presumed: default python, no stderr kept)",output/experiment_c/mesae_finetune_c1_learned2/artifacts/train_20260919_192402.log
Experiment C,C1,"stamp_induced learned:2 time weights, 5-fold CV, dropout 0.5",9.0,3.0,0.6972,0.756,0.7024,0.8701,measured,"base, no mne (presumed: default python, no stderr kept)",output/experiment_c/mesae_finetune_c1_learned2/artifacts/train_20260919_192402.log
Experiment C,C1,"stamp_induced learned:2 time weights, 5-fold CV, dropout 0.5",9.0,4.0,0.7658,0.8226,0.7702,0.9007,measured,"base, no mne (presumed: default python, no stderr kept)",output/experiment_c/mesae_finetune_c1_learned2/artifacts/train_20260919_192402.log
Experiment C,C3,"C1 + phase advance (include_advance), 5-fold CV, dropout 0.5",1.0,0.0,0.5724,0.6214,0.6214,0.9609,measured,"base, no mne (presumed: default python, no stderr kept)",output/experiment_c/mesae_finetune_c3_advance/artifacts/train_20260920_002958.log
Experiment C,C3,"C1 + phase advance (include_advance), 5-fold CV, dropout 0.5",1.0,1.0,0.424,0.531,0.4155,0.9131,measured,"base, no mne (presumed: default python, no stderr kept)",output/experiment_c/mesae_finetune_c3_advance/artifacts/train_20260920_002958.log
Experiment C,C3,"C1 + phase advance (include_advance), 5-fold CV, dropout 0.5",1.0,2.0,0.5237,0.5762,0.525,0.9348,measured,"base, no mne (presumed: default python, no stderr kept)",output/experiment_c/mesae_finetune_c3_advance/artifacts/train_20260920_002958.log
Experiment C,C3,"C1 + phase advance (include_advance), 5-fold CV, dropout 0.5",1.0,3.0,0.5875,0.6345,0.5952,0.9349,measured,"base, no mne (presumed: default python, no stderr kept)",output/experiment_c/mesae_finetune_c3_advance/artifacts/train_20260920_002958.log
Experiment C,C3,"C1 + phase advance (include_advance), 5-fold CV, dropout 0.5",1.0,4.0,0.5261,0.6476,0.6131,0.9827,measured,"base, no mne (presumed: default python, no stderr kept)",output/experiment_c/mesae_finetune_c3_advance/artifacts/train_20260920_002958.log
Experiment C,C3,"C1 + phase advance (include_advance), 5-fold CV, dropout 0.5",2.0,0.0,0.3968,0.4786,0.3774,0.909,measured,"base, no mne (presumed: default python, no stderr kept)",output/experiment_c/mesae_finetune_c3_advance/artifacts/train_20260920_002958.log
Experiment C,C3,"C1 + phase advance (include_advance), 5-fold CV, dropout 0.5",2.0,1.0,0.5013,0.5667,0.5476,0.9217,measured,"base, no mne (presumed: default python, no stderr kept)",output/experiment_c/mesae_finetune_c3_advance/artifacts/train_20260920_002958.log
Experiment C,C3,"C1 + phase advance (include_advance), 5-fold CV, dropout 0.5",2.0,2.0,0.3652,0.456,0.3655,0.9127,measured,"base, no mne (presumed: default python, no stderr kept)",output/experiment_c/mesae_finetune_c3_advance/artifacts/train_20260920_002958.log
Experiment C,C3,"C1 + phase advance (include_advance), 5-fold CV, dropout 0.5",2.0,3.0,0.4305,0.544,0.4429,0.922,measured,"base, no mne (presumed: default python, no stderr kept)",output/experiment_c/mesae_finetune_c3_advance/artifacts/train_20260920_002958.log
Experiment C,C3,"C1 + phase advance (include_advance), 5-fold CV, dropout 0.5",2.0,4.0,0.49,0.5238,0.506,0.8745,measured,"base, no mne (presumed: default python, no stderr kept)",output/experiment_c/mesae_finetune_c3_advance/artifacts/train_20260920_002958.log
Experiment C,C3,"C1 + phase advance (include_advance), 5-fold CV, dropout 0.5",3.0,0.0,0.5711,0.6214,0.5857,0.8913,measured,"base, no mne (presumed: default python, no stderr kept)",output/experiment_c/mesae_finetune_c3_advance/artifacts/train_20260920_002958.log
Experiment C,C3,"C1 + phase advance (include_advance), 5-fold CV, dropout 0.5",3.0,1.0,0.628,0.7274,0.6226,0.9651,measured,"base, no mne (presumed: default python, no stderr kept)",output/experiment_c/mesae_finetune_c3_advance/artifacts/train_20260920_002958.log
Experiment C,C3,"C1 + phase advance (include_advance), 5-fold CV, dropout 0.5",3.0,2.0,0.5787,0.6202,0.5679,0.9305,measured,"base, no mne (presumed: default python, no stderr kept)",output/experiment_c/mesae_finetune_c3_advance/artifacts/train_20260920_002958.log
Experiment C,C3,"C1 + phase advance (include_advance), 5-fold CV, dropout 0.5",3.0,3.0,0.6576,0.7714,0.6667,0.9395,measured,"base, no mne (presumed: default python, no stderr kept)",output/experiment_c/mesae_finetune_c3_advance/artifacts/train_20260920_002958.log
Experiment C,C3,"C1 + phase advance (include_advance), 5-fold CV, dropout 0.5",3.0,4.0,0.5108,0.5821,0.4762,0.9694,measured,"base, no mne (presumed: default python, no stderr kept)",output/experiment_c/mesae_finetune_c3_advance/artifacts/train_20260920_002958.log
Experiment C,C3,"C1 + phase advance (include_advance), 5-fold CV, dropout 0.5",4.0,0.0,0.3342,0.3833,0.3083,0.891,measured,"base, no mne (presumed: default python, no stderr kept)",output/experiment_c/mesae_finetune_c3_advance/artifacts/train_20260920_002958.log
Experiment C,C3,"C1 + phase advance (include_advance), 5-fold CV, dropout 0.5",4.0,1.0,0.4132,0.4655,0.4286,0.8826,measured,"base, no mne (presumed: default python, no stderr kept)",output/experiment_c/mesae_finetune_c3_advance/artifacts/train_20260920_002958.log
Experiment C,C3,"C1 + phase advance (include_advance), 5-fold CV, dropout 0.5",4.0,2.0,0.2663,0.3583,0.3083,0.8999,measured,"base, no mne (presumed: default python, no stderr kept)",output/experiment_c/mesae_finetune_c3_advance/artifacts/train_20260920_002958.log
Experiment C,C3,"C1 + phase advance (include_advance), 5-fold CV, dropout 0.5",4.0,3.0,0.3815,0.4357,0.3655,0.9352,measured,"base, no mne (presumed: default python, no stderr kept)",output/experiment_c/mesae_finetune_c3_advance/artifacts/train_20260920_002958.log
Experiment C,C3,"C1 + phase advance (include_advance), 5-fold CV, dropout 0.5",4.0,4.0,0.4038,0.456,0.3845,0.8917,measured,"base, no mne (presumed: default python, no stderr kept)",output/experiment_c/mesae_finetune_c3_advance/artifacts/train_20260920_002958.log
Experiment C,C3,"C1 + phase advance (include_advance), 5-fold CV, dropout 0.5",5.0,0.0,0.2373,0.35,0.2619,0.9347,measured,"base, no mne (presumed: default python, no stderr kept)",output/experiment_c/mesae_finetune_c3_advance/artifacts/train_20260920_002958.log
Experiment C,C3,"C1 + phase advance (include_advance), 5-fold CV, dropout 0.5",5.0,1.0,0.4762,0.5536,0.4845,0.8782,measured,"base, no mne (presumed: default python, no stderr kept)",output/experiment_c/mesae_finetune_c3_advance/artifacts/train_20260920_002958.log
Experiment C,C3,"C1 + phase advance (include_advance), 5-fold CV, dropout 0.5",5.0,2.0,0.3781,0.4131,0.3619,0.913,measured,"base, no mne (presumed: default python, no stderr kept)",output/experiment_c/mesae_finetune_c3_advance/artifacts/train_20260920_002958.log
Experiment C,C3,"C1 + phase advance (include_advance), 5-fold CV, dropout 0.5",5.0,3.0,0.3344,0.4393,0.35,0.8832,measured,"base, no mne (presumed: default python, no stderr kept)",output/experiment_c/mesae_finetune_c3_advance/artifacts/train_20260920_002958.log
Experiment C,C3,"C1 + phase advance (include_advance), 5-fold CV, dropout 0.5",5.0,4.0,0.3787,0.4369,0.3476,0.9395,measured,"base, no mne (presumed: default python, no stderr kept)",output/experiment_c/mesae_finetune_c3_advance/artifacts/train_20260920_002958.log
Experiment C,C3,"C1 + phase advance (include_advance), 5-fold CV, dropout 0.5",6.0,0.0,0.2794,0.3417,0.2905,0.8827,measured,"base, no mne (presumed: default python, no stderr kept)",output/experiment_c/mesae_finetune_c3_advance/artifacts/train_20260920_002958.log
Experiment C,C3,"C1 + phase advance (include_advance), 5-fold CV, dropout 0.5",6.0,1.0,0.4376,0.519,0.4631,0.874,measured,"base, no mne (presumed: default python, no stderr kept)",output/experiment_c/mesae_finetune_c3_advance/artifacts/train_20260920_002958.log
Experiment C,C3,"C1 + phase advance (include_advance), 5-fold CV, dropout 0.5",6.0,2.0,0.2937,0.356,0.3262,0.9133,measured,"base, no mne (presumed: default python, no stderr kept)",output/experiment_c/mesae_finetune_c3_advance/artifacts/train_20260920_002958.log
Experiment C,C3,"C1 + phase advance (include_advance), 5-fold CV, dropout 0.5",6.0,3.0,0.3386,0.444,0.3345,0.909,measured,"base, no mne (presumed: default python, no stderr kept)",output/experiment_c/mesae_finetune_c3_advance/artifacts/train_20260920_002958.log
Experiment C,C3,"C1 + phase advance (include_advance), 5-fold CV, dropout 0.5",6.0,4.0,0.3219,0.4012,0.3321,0.9136,measured,"base, no mne (presumed: default python, no stderr kept)",output/experiment_c/mesae_finetune_c3_advance/artifacts/train_20260920_002958.log
Experiment C,C3,"C1 + phase advance (include_advance), 5-fold CV, dropout 0.5",7.0,0.0,0.5092,0.5476,0.5476,0.9694,measured,"base, no mne (presumed: default python, no stderr kept)",output/experiment_c/mesae_finetune_c3_advance/artifacts/train_20260920_002958.log
Experiment C,C3,"C1 + phase advance (include_advance), 5-fold CV, dropout 0.5",7.0,1.0,0.5354,0.5881,0.5512,0.9086,measured,"base, no mne (presumed: default python, no stderr kept)",output/experiment_c/mesae_finetune_c3_advance/artifacts/train_20260920_002958.log
Experiment C,C3,"C1 + phase advance (include_advance), 5-fold CV, dropout 0.5",7.0,2.0,0.4756,0.55,0.4821,0.9175,measured,"base, no mne (presumed: default python, no stderr kept)",output/experiment_c/mesae_finetune_c3_advance/artifacts/train_20260920_002958.log
Experiment C,C3,"C1 + phase advance (include_advance), 5-fold CV, dropout 0.5",7.0,3.0,0.5982,0.6667,0.6,0.9698,measured,"base, no mne (presumed: default python, no stderr kept)",output/experiment_c/mesae_finetune_c3_advance/artifacts/train_20260920_002958.log
Experiment C,C3,"C1 + phase advance (include_advance), 5-fold CV, dropout 0.5",7.0,4.0,0.5814,0.5964,0.5774,0.9266,measured,"base, no mne (presumed: default python, no stderr kept)",output/experiment_c/mesae_finetune_c3_advance/artifacts/train_20260920_002958.log
Experiment C,C3,"C1 + phase advance (include_advance), 5-fold CV, dropout 0.5",8.0,0.0,0.5486,0.6274,0.5583,0.9391,measured,"base, no mne (presumed: default python, no stderr kept)",output/experiment_c/mesae_finetune_c3_advance/artifacts/train_20260920_002958.log
Experiment C,C3,"C1 + phase advance (include_advance), 5-fold CV, dropout 0.5",8.0,1.0,0.6185,0.6726,0.6548,0.9697,measured,"base, no mne (presumed: default python, no stderr kept)",output/experiment_c/mesae_finetune_c3_advance/artifacts/train_20260920_002958.log
Experiment C,C3,"C1 + phase advance (include_advance), 5-fold CV, dropout 0.5",8.0,2.0,0.5992,0.6905,0.5988,0.9564,measured,"base, no mne (presumed: default python, no stderr kept)",output/experiment_c/mesae_finetune_c3_advance/artifacts/train_20260920_002958.log
Experiment C,C3,"C1 + phase advance (include_advance), 5-fold CV, dropout 0.5",8.0,3.0,0.6919,0.7345,0.6988,0.9178,measured,"base, no mne (presumed: default python, no stderr kept)",output/experiment_c/mesae_finetune_c3_advance/artifacts/train_20260920_002958.log
Experiment C,C3,"C1 + phase advance (include_advance), 5-fold CV, dropout 0.5",8.0,4.0,0.5761,0.6702,0.6512,0.948,measured,"base, no mne (presumed: default python, no stderr kept)",output/experiment_c/mesae_finetune_c3_advance/artifacts/train_20260920_002958.log
Experiment C,C3,"C1 + phase advance (include_advance), 5-fold CV, dropout 0.5",9.0,0.0,0.6763,0.7036,0.7024,0.9524,measured,"base, no mne (presumed: default python, no stderr kept)",output/experiment_c/mesae_finetune_c3_advance/artifacts/train_20260920_002958.log
Experiment C,C3,"C1 + phase advance (include_advance), 5-fold CV, dropout 0.5",9.0,1.0,0.601,0.6179,0.6179,0.9565,measured,"base, no mne (presumed: default python, no stderr kept)",output/experiment_c/mesae_finetune_c3_advance/artifacts/train_20260920_002958.log
Experiment C,C3,"C1 + phase advance (include_advance), 5-fold CV, dropout 0.5",9.0,2.0,0.5643,0.625,0.5762,0.9087,measured,"base, no mne (presumed: default python, no stderr kept)",output/experiment_c/mesae_finetune_c3_advance/artifacts/train_20260920_002958.log
Experiment C,C3,"C1 + phase advance (include_advance), 5-fold CV, dropout 0.5",9.0,3.0,0.6795,0.7024,0.6679,0.9612,measured,"base, no mne (presumed: default python, no stderr kept)",output/experiment_c/mesae_finetune_c3_advance/artifacts/train_20260920_002958.log
Experiment C,C3,"C1 + phase advance (include_advance), 5-fold CV, dropout 0.5",9.0,4.0,0.7037,0.7179,0.6988,0.9439,measured,"base, no mne (presumed: default python, no stderr kept)",output/experiment_c/mesae_finetune_c3_advance/artifacts/train_20260920_002958.log
Experiment C,C4,"C1 + evoked branch (evoked_rank 2), 5-fold CV, dropout 0.5",1.0,0.0,0.4829,0.5512,0.481,0.961,measured,"base, no mne (presumed: default python, no stderr kept)",output/experiment_c/mesae_finetune_c4_evoked/artifacts/train_20260920_122034.log
Experiment C,C4,"C1 + evoked branch (evoked_rank 2), 5-fold CV, dropout 0.5",1.0,1.0,0.2794,0.5143,0.306,0.9522,measured,"base, no mne (presumed: default python, no stderr kept)",output/experiment_c/mesae_finetune_c4_evoked/artifacts/train_20260920_122034.log
Experiment C,C4,"C1 + evoked branch (evoked_rank 2), 5-fold CV, dropout 0.5",1.0,2.0,0.5398,0.5607,0.5202,0.9653,measured,"base, no mne (presumed: default python, no stderr kept)",output/experiment_c/mesae_finetune_c4_evoked/artifacts/train_20260920_122034.log
Experiment C,C4,"C1 + evoked branch (evoked_rank 2), 5-fold CV, dropout 0.5",1.0,3.0,0.4631,0.5821,0.4381,0.9698,measured,"base, no mne (presumed: default python, no stderr kept)",output/experiment_c/mesae_finetune_c4_evoked/artifacts/train_20260920_122034.log
Experiment C,C4,"C1 + evoked branch (evoked_rank 2), 5-fold CV, dropout 0.5",1.0,4.0,0.5418,0.6083,0.556,0.9698,measured,"base, no mne (presumed: default python, no stderr kept)",output/experiment_c/mesae_finetune_c4_evoked/artifacts/train_20260920_122034.log
Experiment C,C4,"C1 + evoked branch (evoked_rank 2), 5-fold CV, dropout 0.5",2.0,0.0,0.4686,0.5357,0.4464,0.9347,measured,"base, no mne (presumed: default python, no stderr kept)",output/experiment_c/mesae_finetune_c4_evoked/artifacts/train_20260920_122034.log
Experiment C,C4,"C1 + evoked branch (evoked_rank 2), 5-fold CV, dropout 0.5",2.0,1.0,0.3518,0.45,0.3429,0.9608,measured,"base, no mne (presumed: default python, no stderr kept)",output/experiment_c/mesae_finetune_c4_evoked/artifacts/train_20260920_122034.log
Experiment C,C4,"C1 + evoked branch (evoked_rank 2), 5-fold CV, dropout 0.5",2.0,2.0,0.4436,0.506,0.4524,0.9436,measured,"base, no mne (presumed: default python, no stderr kept)",output/experiment_c/mesae_finetune_c4_evoked/artifacts/train_20260920_122034.log
Experiment C,C4,"C1 + evoked branch (evoked_rank 2), 5-fold CV, dropout 0.5",2.0,3.0,0.4814,0.5107,0.4917,0.9353,measured,"base, no mne (presumed: default python, no stderr kept)",output/experiment_c/mesae_finetune_c4_evoked/artifacts/train_20260920_122034.log
Experiment C,C4,"C1 + evoked branch (evoked_rank 2), 5-fold CV, dropout 0.5",2.0,4.0,0.3804,0.5202,0.4,0.961,measured,"base, no mne (presumed: default python, no stderr kept)",output/experiment_c/mesae_finetune_c4_evoked/artifacts/train_20260920_122034.log
Experiment C,C4,"C1 + evoked branch (evoked_rank 2), 5-fold CV, dropout 0.5",3.0,0.0,0.5543,0.606,0.5369,0.9521,measured,"base, no mne (presumed: default python, no stderr kept)",output/experiment_c/mesae_finetune_c4_evoked/artifacts/train_20260920_122034.log
Experiment C,C4,"C1 + evoked branch (evoked_rank 2), 5-fold CV, dropout 0.5",3.0,1.0,0.6529,0.6726,0.6214,0.987,measured,"base, no mne (presumed: default python, no stderr kept)",output/experiment_c/mesae_finetune_c4_evoked/artifacts/train_20260920_122034.log
Experiment C,C4,"C1 + evoked branch (evoked_rank 2), 5-fold CV, dropout 0.5",3.0,2.0,0.5558,0.6333,0.5202,0.9694,measured,"base, no mne (presumed: default python, no stderr kept)",output/experiment_c/mesae_finetune_c4_evoked/artifacts/train_20260920_122034.log
Experiment C,C4,"C1 + evoked branch (evoked_rank 2), 5-fold CV, dropout 0.5",3.0,3.0,0.5893,0.6643,0.6119,0.9827,measured,"base, no mne (presumed: default python, no stderr kept)",output/experiment_c/mesae_finetune_c4_evoked/artifacts/train_20260920_122034.log
Experiment C,C4,"C1 + evoked branch (evoked_rank 2), 5-fold CV, dropout 0.5",3.0,4.0,0.5014,0.5321,0.4774,0.9567,measured,"base, no mne (presumed: default python, no stderr kept)",output/experiment_c/mesae_finetune_c4_evoked/artifacts/train_20260920_122034.log
Experiment C,C4,"C1 + evoked branch (evoked_rank 2), 5-fold CV, dropout 0.5",4.0,0.0,0.4174,0.5167,0.4488,0.9521,measured,"base, no mne (presumed: default python, no stderr kept)",output/experiment_c/mesae_finetune_c4_evoked/artifacts/train_20260920_122034.log
Experiment C,C4,"C1 + evoked branch (evoked_rank 2), 5-fold CV, dropout 0.5",4.0,1.0,0.2979,0.381,0.3298,0.9652,measured,"base, no mne (presumed: default python, no stderr kept)",output/experiment_c/mesae_finetune_c4_evoked/artifacts/train_20260920_122034.log
Experiment C,C4,"C1 + evoked branch (evoked_rank 2), 5-fold CV, dropout 0.5",4.0,2.0,0.3091,0.4083,0.2881,0.9523,measured,"base, no mne (presumed: default python, no stderr kept)",output/experiment_c/mesae_finetune_c4_evoked/artifacts/train_20260920_122034.log
Experiment C,C4,"C1 + evoked branch (evoked_rank 2), 5-fold CV, dropout 0.5",4.0,3.0,0.3615,0.4536,0.3512,0.9437,measured,"base, no mne (presumed: default python, no stderr kept)",output/experiment_c/mesae_finetune_c4_evoked/artifacts/train_20260920_122034.log
Experiment C,C4,"C1 + evoked branch (evoked_rank 2), 5-fold CV, dropout 0.5",4.0,4.0,0.5237,0.5798,0.4917,0.9263,measured,"base, no mne (presumed: default python, no stderr kept)",output/experiment_c/mesae_finetune_c4_evoked/artifacts/train_20260920_122034.log
Experiment C,C4,"C1 + evoked branch (evoked_rank 2), 5-fold CV, dropout 0.5",5.0,0.0,0.3704,0.419,0.3988,0.9608,measured,"base, no mne (presumed: default python, no stderr kept)",output/experiment_c/mesae_finetune_c4_evoked/artifacts/train_20260920_122034.log
Experiment C,C4,"C1 + evoked branch (evoked_rank 2), 5-fold CV, dropout 0.5",5.0,1.0,0.3387,0.4155,0.3262,0.9434,measured,"base, no mne (presumed: default python, no stderr kept)",output/experiment_c/mesae_finetune_c4_evoked/artifacts/train_20260920_122034.log
Experiment C,C4,"C1 + evoked branch (evoked_rank 2), 5-fold CV, dropout 0.5",5.0,2.0,0.3248,0.3821,0.3298,0.9304,measured,"base, no mne (presumed: default python, no stderr kept)",output/experiment_c/mesae_finetune_c4_evoked/artifacts/train_20260920_122034.log
Experiment C,C4,"C1 + evoked branch (evoked_rank 2), 5-fold CV, dropout 0.5",5.0,3.0,0.2605,0.3655,0.2786,0.9564,measured,"base, no mne (presumed: default python, no stderr kept)",output/experiment_c/mesae_finetune_c4_evoked/artifacts/train_20260920_122034.log
Experiment C,C4,"C1 + evoked branch (evoked_rank 2), 5-fold CV, dropout 0.5",5.0,4.0,0.4227,0.494,0.3869,0.9654,measured,"base, no mne (presumed: default python, no stderr kept)",output/experiment_c/mesae_finetune_c4_evoked/artifacts/train_20260920_122034.log
Experiment C,C4,"C1 + evoked branch (evoked_rank 2), 5-fold CV, dropout 0.5",6.0,0.0,0.2608,0.3452,0.2798,0.9478,measured,"base, no mne (presumed: default python, no stderr kept)",output/experiment_c/mesae_finetune_c4_evoked/artifacts/train_20260920_122034.log
Experiment C,C4,"C1 + evoked branch (evoked_rank 2), 5-fold CV, dropout 0.5",6.0,1.0,0.3378,0.4024,0.3452,0.9523,measured,"base, no mne (presumed: default python, no stderr kept)",output/experiment_c/mesae_finetune_c4_evoked/artifacts/train_20260920_122034.log
Experiment C,C4,"C1 + evoked branch (evoked_rank 2), 5-fold CV, dropout 0.5",6.0,2.0,0.471,0.5131,0.4798,0.9348,measured,"base, no mne (presumed: default python, no stderr kept)",output/experiment_c/mesae_finetune_c4_evoked/artifacts/train_20260920_122034.log
Experiment C,C4,"C1 + evoked branch (evoked_rank 2), 5-fold CV, dropout 0.5",6.0,3.0,0.2332,0.3679,0.2452,0.9351,measured,"base, no mne (presumed: default python, no stderr kept)",output/experiment_c/mesae_finetune_c4_evoked/artifacts/train_20260920_122034.log
Experiment C,C4,"C1 + evoked branch (evoked_rank 2), 5-fold CV, dropout 0.5",6.0,4.0,0.2989,0.3714,0.3488,0.9437,measured,"base, no mne (presumed: default python, no stderr kept)",output/experiment_c/mesae_finetune_c4_evoked/artifacts/train_20260920_122034.log
Experiment C,C4,"C1 + evoked branch (evoked_rank 2), 5-fold CV, dropout 0.5",7.0,0.0,0.4757,0.5393,0.4857,0.9568,measured,"base, no mne (presumed: default python, no stderr kept)",output/experiment_c/mesae_finetune_c4_evoked/artifacts/train_20260920_122034.log
Experiment C,C4,"C1 + evoked branch (evoked_rank 2), 5-fold CV, dropout 0.5",7.0,1.0,0.3473,0.4369,0.3655,0.9781,measured,"base, no mne (presumed: default python, no stderr kept)",output/experiment_c/mesae_finetune_c4_evoked/artifacts/train_20260920_122034.log
Experiment C,C4,"C1 + evoked branch (evoked_rank 2), 5-fold CV, dropout 0.5",7.0,2.0,0.4491,0.5179,0.5012,0.948,measured,"base, no mne (presumed: default python, no stderr kept)",output/experiment_c/mesae_finetune_c4_evoked/artifacts/train_20260920_122034.log
Experiment C,C4,"C1 + evoked branch (evoked_rank 2), 5-fold CV, dropout 0.5",7.0,3.0,0.5151,0.6512,0.525,0.9523,measured,"base, no mne (presumed: default python, no stderr kept)",output/experiment_c/mesae_finetune_c4_evoked/artifacts/train_20260920_122034.log
Experiment C,C4,"C1 + evoked branch (evoked_rank 2), 5-fold CV, dropout 0.5",7.0,4.0,0.5917,0.6333,0.5964,0.961,measured,"base, no mne (presumed: default python, no stderr kept)",output/experiment_c/mesae_finetune_c4_evoked/artifacts/train_20260920_122034.log
Experiment C,C4,"C1 + evoked branch (evoked_rank 2), 5-fold CV, dropout 0.5",8.0,0.0,0.5464,0.6048,0.5369,0.9565,measured,"base, no mne (presumed: default python, no stderr kept)",output/experiment_c/mesae_finetune_c4_evoked/artifacts/train_20260920_122034.log
Experiment C,C4,"C1 + evoked branch (evoked_rank 2), 5-fold CV, dropout 0.5",8.0,1.0,0.4878,0.55,0.519,0.9828,measured,"base, no mne (presumed: default python, no stderr kept)",output/experiment_c/mesae_finetune_c4_evoked/artifacts/train_20260920_122034.log
Experiment C,C4,"C1 + evoked branch (evoked_rank 2), 5-fold CV, dropout 0.5",8.0,2.0,0.5786,0.6345,0.5821,0.9655,measured,"base, no mne (presumed: default python, no stderr kept)",output/experiment_c/mesae_finetune_c4_evoked/artifacts/train_20260920_122034.log
Experiment C,C4,"C1 + evoked branch (evoked_rank 2), 5-fold CV, dropout 0.5",8.0,3.0,0.638,0.6667,0.6131,0.9871,measured,"base, no mne (presumed: default python, no stderr kept)",output/experiment_c/mesae_finetune_c4_evoked/artifacts/train_20260920_122034.log
Experiment C,C4,"C1 + evoked branch (evoked_rank 2), 5-fold CV, dropout 0.5",8.0,4.0,0.6184,0.6893,0.619,0.9697,measured,"base, no mne (presumed: default python, no stderr kept)",output/experiment_c/mesae_finetune_c4_evoked/artifacts/train_20260920_122034.log
Experiment C,C4,"C1 + evoked branch (evoked_rank 2), 5-fold CV, dropout 0.5",9.0,0.0,0.5918,0.6333,0.5821,0.9566,measured,"base, no mne (presumed: default python, no stderr kept)",output/experiment_c/mesae_finetune_c4_evoked/artifacts/train_20260920_122034.log
Experiment C,C4,"C1 + evoked branch (evoked_rank 2), 5-fold CV, dropout 0.5",9.0,1.0,0.6383,0.6905,0.6893,0.9518,measured,"base, no mne (presumed: default python, no stderr kept)",output/experiment_c/mesae_finetune_c4_evoked/artifacts/train_20260920_122034.log
Experiment C,C4,"C1 + evoked branch (evoked_rank 2), 5-fold CV, dropout 0.5",9.0,2.0,0.6756,0.7298,0.6774,0.987,measured,"base, no mne (presumed: default python, no stderr kept)",output/experiment_c/mesae_finetune_c4_evoked/artifacts/train_20260920_122034.log
Experiment C,C4,"C1 + evoked branch (evoked_rank 2), 5-fold CV, dropout 0.5",9.0,3.0,0.6296,0.6643,0.6298,0.9784,measured,"base, no mne (presumed: default python, no stderr kept)",output/experiment_c/mesae_finetune_c4_evoked/artifacts/train_20260920_122034.log
Experiment C,C4,"C1 + evoked branch (evoked_rank 2), 5-fold CV, dropout 0.5",9.0,4.0,0.6699,0.7179,0.6821,0.9655,measured,"base, no mne (presumed: default python, no stderr kept)",output/experiment_c/mesae_finetune_c4_evoked/artifacts/train_20260920_122034.log
Experiment C,Raw control,"raw mu/beta band power spatial:8, 5-fold CV, dropout 0",1.0,0.0,0.5901,0.6548,0.5512,0.809,measured,"base, no mne (presumed: default python, no stderr kept)",output/experiment_c/mesae_finetune_raw_control_cv/artifacts/train_20260920_173955.log
Experiment C,Raw control,"raw mu/beta band power spatial:8, 5-fold CV, dropout 0",1.0,1.0,0.6028,0.6917,0.569,0.8043,measured,"base, no mne (presumed: default python, no stderr kept)",output/experiment_c/mesae_finetune_raw_control_cv/artifacts/train_20260920_173955.log
Experiment C,Raw control,"raw mu/beta band power spatial:8, 5-fold CV, dropout 0",1.0,2.0,0.699,0.7583,0.7095,0.8127,measured,"base, no mne (presumed: default python, no stderr kept)",output/experiment_c/mesae_finetune_raw_control_cv/artifacts/train_20260920_173955.log
Experiment C,Raw control,"raw mu/beta band power spatial:8, 5-fold CV, dropout 0",1.0,3.0,0.5679,0.6476,0.5607,0.809,measured,"base, no mne (presumed: default python, no stderr kept)",output/experiment_c/mesae_finetune_raw_control_cv/artifacts/train_20260920_173955.log
Experiment C,Raw control,"raw mu/beta band power spatial:8, 5-fold CV, dropout 0",1.0,4.0,0.6299,0.6976,0.631,0.8789,measured,"base, no mne (presumed: default python, no stderr kept)",output/experiment_c/mesae_finetune_raw_control_cv/artifacts/train_20260920_173955.log
Experiment C,Raw control,"raw mu/beta band power spatial:8, 5-fold CV, dropout 0",2.0,0.0,0.4699,0.5119,0.4631,0.7306,measured,"base, no mne (presumed: default python, no stderr kept)",output/experiment_c/mesae_finetune_raw_control_cv/artifacts/train_20260920_173955.log
Experiment C,Raw control,"raw mu/beta band power spatial:8, 5-fold CV, dropout 0",2.0,1.0,0.536,0.5905,0.556,0.6649,measured,"base, no mne (presumed: default python, no stderr kept)",output/experiment_c/mesae_finetune_raw_control_cv/artifacts/train_20260920_173955.log
Experiment C,Raw control,"raw mu/beta band power spatial:8, 5-fold CV, dropout 0",2.0,2.0,0.5687,0.6357,0.5512,0.7429,measured,"base, no mne (presumed: default python, no stderr kept)",output/experiment_c/mesae_finetune_raw_control_cv/artifacts/train_20260920_173955.log
Experiment C,Raw control,"raw mu/beta band power spatial:8, 5-fold CV, dropout 0",2.0,3.0,0.4705,0.5429,0.4571,0.6796,measured,"base, no mne (presumed: default python, no stderr kept)",output/experiment_c/mesae_finetune_raw_control_cv/artifacts/train_20260920_173955.log
Experiment C,Raw control,"raw mu/beta band power spatial:8, 5-fold CV, dropout 0",2.0,4.0,0.4246,0.4929,0.4202,0.7237,measured,"base, no mne (presumed: default python, no stderr kept)",output/experiment_c/mesae_finetune_raw_control_cv/artifacts/train_20260920_173955.log
Experiment C,Raw control,"raw mu/beta band power spatial:8, 5-fold CV, dropout 0",3.0,0.0,0.6412,0.7417,0.6893,0.8001,measured,"base, no mne (presumed: default python, no stderr kept)",output/experiment_c/mesae_finetune_raw_control_cv/artifacts/train_20260920_173955.log
Experiment C,Raw control,"raw mu/beta band power spatial:8, 5-fold CV, dropout 0",3.0,1.0,0.7001,0.7548,0.6905,0.8345,measured,"base, no mne (presumed: default python, no stderr kept)",output/experiment_c/mesae_finetune_raw_control_cv/artifacts/train_20260920_173955.log
Experiment C,Raw control,"raw mu/beta band power spatial:8, 5-fold CV, dropout 0",3.0,2.0,0.7094,0.7762,0.6881,0.8392,measured,"base, no mne (presumed: default python, no stderr kept)",output/experiment_c/mesae_finetune_raw_control_cv/artifacts/train_20260920_173955.log
Experiment C,Raw control,"raw mu/beta band power spatial:8, 5-fold CV, dropout 0",3.0,3.0,0.7294,0.7905,0.7536,0.8313,measured,"base, no mne (presumed: default python, no stderr kept)",output/experiment_c/mesae_finetune_raw_control_cv/artifacts/train_20260920_173955.log
Experiment C,Raw control,"raw mu/beta band power spatial:8, 5-fold CV, dropout 0",3.0,4.0,0.6186,0.6988,0.594,0.8485,measured,"base, no mne (presumed: default python, no stderr kept)",output/experiment_c/mesae_finetune_raw_control_cv/artifacts/train_20260920_173955.log
Experiment C,Raw control,"raw mu/beta band power spatial:8, 5-fold CV, dropout 0",4.0,0.0,0.5471,0.6036,0.5524,0.704,measured,"base, no mne (presumed: default python, no stderr kept)",output/experiment_c/mesae_finetune_raw_control_cv/artifacts/train_20260920_173955.log
Experiment C,Raw control,"raw mu/beta band power spatial:8, 5-fold CV, dropout 0",4.0,1.0,0.4867,0.5405,0.5012,0.7214,measured,"base, no mne (presumed: default python, no stderr kept)",output/experiment_c/mesae_finetune_raw_control_cv/artifacts/train_20260920_173955.log
Experiment C,Raw control,"raw mu/beta band power spatial:8, 5-fold CV, dropout 0",4.0,2.0,0.4495,0.5155,0.4286,0.7342,measured,"base, no mne (presumed: default python, no stderr kept)",output/experiment_c/mesae_finetune_raw_control_cv/artifacts/train_20260920_173955.log
Experiment C,Raw control,"raw mu/beta band power spatial:8, 5-fold CV, dropout 0",4.0,3.0,0.4043,0.4571,0.4571,0.736,measured,"base, no mne (presumed: default python, no stderr kept)",output/experiment_c/mesae_finetune_raw_control_cv/artifacts/train_20260920_173955.log
Experiment C,Raw control,"raw mu/beta band power spatial:8, 5-fold CV, dropout 0",4.0,4.0,0.3926,0.5071,0.4179,0.7188,measured,"base, no mne (presumed: default python, no stderr kept)",output/experiment_c/mesae_finetune_raw_control_cv/artifacts/train_20260920_173955.log
Experiment C,Raw control,"raw mu/beta band power spatial:8, 5-fold CV, dropout 0",5.0,0.0,0.2423,0.3512,0.2548,0.6174,measured,"base, no mne (presumed: default python, no stderr kept)",output/experiment_c/mesae_finetune_raw_control_cv/artifacts/train_20260920_173955.log
Experiment C,Raw control,"raw mu/beta band power spatial:8, 5-fold CV, dropout 0",5.0,1.0,0.2913,0.4071,0.3048,0.6564,measured,"base, no mne (presumed: default python, no stderr kept)",output/experiment_c/mesae_finetune_raw_control_cv/artifacts/train_20260920_173955.log
Experiment C,Raw control,"raw mu/beta band power spatial:8, 5-fold CV, dropout 0",5.0,2.0,0.3397,0.4119,0.344,0.6515,measured,"base, no mne (presumed: default python, no stderr kept)",output/experiment_c/mesae_finetune_raw_control_cv/artifacts/train_20260920_173955.log
Experiment C,Raw control,"raw mu/beta band power spatial:8, 5-fold CV, dropout 0",5.0,3.0,0.3131,0.4024,0.3024,0.5884,measured,"base, no mne (presumed: default python, no stderr kept)",output/experiment_c/mesae_finetune_raw_control_cv/artifacts/train_20260920_173955.log
Experiment C,Raw control,"raw mu/beta band power spatial:8, 5-fold CV, dropout 0",5.0,4.0,0.3362,0.4429,0.3524,0.6145,measured,"base, no mne (presumed: default python, no stderr kept)",output/experiment_c/mesae_finetune_raw_control_cv/artifacts/train_20260920_173955.log
Experiment C,Raw control,"raw mu/beta band power spatial:8, 5-fold CV, dropout 0",6.0,0.0,0.3379,0.4298,0.3476,0.6778,measured,"base, no mne (presumed: default python, no stderr kept)",output/experiment_c/mesae_finetune_raw_control_cv/artifacts/train_20260920_173955.log
Experiment C,Raw control,"raw mu/beta band power spatial:8, 5-fold CV, dropout 0",6.0,1.0,0.3652,0.3952,0.3607,0.7128,measured,"base, no mne (presumed: default python, no stderr kept)",output/experiment_c/mesae_finetune_raw_control_cv/artifacts/train_20260920_173955.log
Experiment C,Raw control,"raw mu/beta band power spatial:8, 5-fold CV, dropout 0",6.0,2.0,0.3458,0.4762,0.344,0.6571,measured,"base, no mne (presumed: default python, no stderr kept)",output/experiment_c/mesae_finetune_raw_control_cv/artifacts/train_20260920_173955.log
Experiment C,Raw control,"raw mu/beta band power spatial:8, 5-fold CV, dropout 0",6.0,3.0,0.5008,0.5643,0.4393,0.667,measured,"base, no mne (presumed: default python, no stderr kept)",output/experiment_c/mesae_finetune_raw_control_cv/artifacts/train_20260920_173955.log
Experiment C,Raw control,"raw mu/beta band power spatial:8, 5-fold CV, dropout 0",6.0,4.0,0.4957,0.5429,0.494,0.6926,measured,"base, no mne (presumed: default python, no stderr kept)",output/experiment_c/mesae_finetune_raw_control_cv/artifacts/train_20260920_173955.log
Experiment C,Raw control,"raw mu/beta band power spatial:8, 5-fold CV, dropout 0",7.0,0.0,0.6745,0.7417,0.6881,0.8304,measured,"base, no mne (presumed: default python, no stderr kept)",output/experiment_c/mesae_finetune_raw_control_cv/artifacts/train_20260920_173955.log
Experiment C,Raw control,"raw mu/beta band power spatial:8, 5-fold CV, dropout 0",7.0,1.0,0.65,0.706,0.6048,0.8131,measured,"base, no mne (presumed: default python, no stderr kept)",output/experiment_c/mesae_finetune_raw_control_cv/artifacts/train_20260920_173955.log
Experiment C,Raw control,"raw mu/beta band power spatial:8, 5-fold CV, dropout 0",7.0,2.0,0.5481,0.6429,0.5345,0.8563,measured,"base, no mne (presumed: default python, no stderr kept)",output/experiment_c/mesae_finetune_raw_control_cv/artifacts/train_20260920_173955.log
Experiment C,Raw control,"raw mu/beta band power spatial:8, 5-fold CV, dropout 0",7.0,3.0,0.6314,0.7274,0.6357,0.8876,measured,"base, no mne (presumed: default python, no stderr kept)",output/experiment_c/mesae_finetune_raw_control_cv/artifacts/train_20260920_173955.log
Experiment C,Raw control,"raw mu/beta band power spatial:8, 5-fold CV, dropout 0",7.0,4.0,0.5087,0.5762,0.5083,0.8569,measured,"base, no mne (presumed: default python, no stderr kept)",output/experiment_c/mesae_finetune_raw_control_cv/artifacts/train_20260920_173955.log
Experiment C,Raw control,"raw mu/beta band power spatial:8, 5-fold CV, dropout 0",8.0,0.0,0.7838,0.8262,0.7905,0.8301,measured,"base, no mne (presumed: default python, no stderr kept)",output/experiment_c/mesae_finetune_raw_control_cv/artifacts/train_20260920_173955.log
Experiment C,Raw control,"raw mu/beta band power spatial:8, 5-fold CV, dropout 0",8.0,1.0,0.6515,0.7036,0.669,0.8525,measured,"base, no mne (presumed: default python, no stderr kept)",output/experiment_c/mesae_finetune_raw_control_cv/artifacts/train_20260920_173955.log
Experiment C,Raw control,"raw mu/beta band power spatial:8, 5-fold CV, dropout 0",8.0,2.0,0.6625,0.7417,0.6357,0.8738,measured,"base, no mne (presumed: default python, no stderr kept)",output/experiment_c/mesae_finetune_raw_control_cv/artifacts/train_20260920_173955.log
Experiment C,Raw control,"raw mu/beta band power spatial:8, 5-fold CV, dropout 0",8.0,3.0,0.6678,0.7524,0.6679,0.7923,measured,"base, no mne (presumed: default python, no stderr kept)",output/experiment_c/mesae_finetune_raw_control_cv/artifacts/train_20260920_173955.log
Experiment C,Raw control,"raw mu/beta band power spatial:8, 5-fold CV, dropout 0",8.0,4.0,0.6048,0.7571,0.6036,0.8613,measured,"base, no mne (presumed: default python, no stderr kept)",output/experiment_c/mesae_finetune_raw_control_cv/artifacts/train_20260920_173955.log
Experiment C,Raw control,"raw mu/beta band power spatial:8, 5-fold CV, dropout 0",9.0,0.0,0.5507,0.6,0.5345,0.7524,measured,"base, no mne (presumed: default python, no stderr kept)",output/experiment_c/mesae_finetune_raw_control_cv/artifacts/train_20260920_173955.log
Experiment C,Raw control,"raw mu/beta band power spatial:8, 5-fold CV, dropout 0",9.0,1.0,0.5383,0.6286,0.5381,0.7346,measured,"base, no mne (presumed: default python, no stderr kept)",output/experiment_c/mesae_finetune_raw_control_cv/artifacts/train_20260920_173955.log
Experiment C,Raw control,"raw mu/beta band power spatial:8, 5-fold CV, dropout 0",9.0,2.0,0.4669,0.5881,0.4476,0.7693,measured,"base, no mne (presumed: default python, no stderr kept)",output/experiment_c/mesae_finetune_raw_control_cv/artifacts/train_20260920_173955.log
Experiment C,Raw control,"raw mu/beta band power spatial:8, 5-fold CV, dropout 0",9.0,3.0,0.5086,0.5798,0.5286,0.7881,measured,"base, no mne (presumed: default python, no stderr kept)",output/experiment_c/mesae_finetune_raw_control_cv/artifacts/train_20260920_173955.log
Experiment C,Raw control,"raw mu/beta band power spatial:8, 5-fold CV, dropout 0",9.0,4.0,0.5766,0.6667,0.5798,0.7188,measured,"base, no mne (presumed: default python, no stderr kept)",output/experiment_c/mesae_finetune_raw_control_cv/artifacts/train_20260920_173955.log
Experiment B,raw concat,"raw, channel concat, single 80/20 split",1.0,,0.5467,0.6167,0.55,0.7105,measured,not recorded,output/experiment_b/mesae_v10s_ftB_raw_concat_trial_opt/artifacts/train_20260917_182541.log
Experiment B,raw concat,"raw, channel concat, single 80/20 split",2.0,,0.4633,0.5,0.4667,0.5439,measured,not recorded,output/experiment_b/mesae_v10s_ftB_raw_concat_trial_opt/artifacts/train_20260917_182541.log
Experiment B,raw concat,"raw, channel concat, single 80/20 split",3.0,,0.6917,0.7333,0.7,0.6974,measured,not recorded,output/experiment_b/mesae_v10s_ftB_raw_concat_trial_opt/artifacts/train_20260917_182541.log
Experiment B,raw concat,"raw, channel concat, single 80/20 split",4.0,,0.46,0.5,0.4833,0.5088,measured,not recorded,output/experiment_b/mesae_v10s_ftB_raw_concat_trial_opt/artifacts/train_20260917_182541.log
Experiment B,raw concat,"raw, channel concat, single 80/20 split",5.0,,0.24,0.3167,0.2333,0.4956,measured,not recorded,output/experiment_b/mesae_v10s_ftB_raw_concat_trial_opt/artifacts/train_20260917_182541.log
Experiment B,raw concat,"raw, channel concat, single 80/20 split",6.0,,0.3017,0.3667,0.3167,0.4912,measured,not recorded,output/experiment_b/mesae_v10s_ftB_raw_concat_trial_opt/artifacts/train_20260917_182541.log
Experiment B,raw concat,"raw, channel concat, single 80/20 split",7.0,,0.6367,0.7167,0.65,0.693,measured,not recorded,output/experiment_b/mesae_v10s_ftB_raw_concat_trial_opt/artifacts/train_20260917_182541.log
Experiment B,raw concat,"raw, channel concat, single 80/20 split",8.0,,0.5933,0.65,0.6333,0.6842,measured,not recorded,output/experiment_b/mesae_v10s_ftB_raw_concat_trial_opt/artifacts/train_20260917_182541.log
Experiment B,raw concat,"raw, channel concat, single 80/20 split",9.0,,0.52,0.5667,0.5,0.6316,measured,not recorded,output/experiment_b/mesae_v10s_ftB_raw_concat_trial_opt/artifacts/train_20260917_182541.log
Experiment B,recon concat,"recon, channel concat, single 80/20 split",1.0,,0.5233,0.6,0.5167,0.6842,measured,not recorded,output/experiment_b/mesae_v10s_ftB_recon_concat_trial_opt/artifacts/train_20260917_190143.log
Experiment B,recon concat,"recon, channel concat, single 80/20 split",2.0,,0.43,0.45,0.4333,0.5526,measured,not recorded,output/experiment_b/mesae_v10s_ftB_recon_concat_trial_opt/artifacts/train_20260917_190143.log
Experiment B,recon concat,"recon, channel concat, single 80/20 split",3.0,,0.675,0.7,0.7,0.7061,measured,not recorded,output/experiment_b/mesae_v10s_ftB_recon_concat_trial_opt/artifacts/train_20260917_190143.log
Experiment B,recon concat,"recon, channel concat, single 80/20 split",4.0,,0.485,0.5333,0.4833,0.5307,measured,not recorded,output/experiment_b/mesae_v10s_ftB_recon_concat_trial_opt/artifacts/train_20260917_190143.log
Experiment B,recon concat,"recon, channel concat, single 80/20 split",5.0,,0.23,0.35,0.2333,0.4912,measured,not recorded,output/experiment_b/mesae_v10s_ftB_recon_concat_trial_opt/artifacts/train_20260917_190143.log
Experiment B,recon concat,"recon, channel concat, single 80/20 split",6.0,,0.3283,0.4,0.3,0.557,measured,not recorded,output/experiment_b/mesae_v10s_ftB_recon_concat_trial_opt/artifacts/train_20260917_190143.log
Experiment B,recon concat,"recon, channel concat, single 80/20 split",7.0,,0.6267,0.6833,0.65,0.6491,measured,not recorded,output/experiment_b/mesae_v10s_ftB_recon_concat_trial_opt/artifacts/train_20260917_190143.log
Experiment B,recon concat,"recon, channel concat, single 80/20 split",8.0,,0.6083,0.6667,0.55,0.7325,measured,not recorded,output/experiment_b/mesae_v10s_ftB_recon_concat_trial_opt/artifacts/train_20260917_190143.log
Experiment B,recon concat,"recon, channel concat, single 80/20 split",9.0,,0.4667,0.55,0.4667,0.6842,measured,not recorded,output/experiment_b/mesae_v10s_ftB_recon_concat_trial_opt/artifacts/train_20260917_190143.log
Experiment B,stamp_bandpow concat,"stamp_bandpow, channel concat, single 80/20 split",1.0,,0.5083,0.6,0.5,0.6447,measured,not recorded,output/experiment_b/mesae_v10s_ftB_stamp_bandpow_concat_trial_opt/artifacts/train_20260917_200333.log
Experiment B,stamp_bandpow concat,"stamp_bandpow, channel concat, single 80/20 split",2.0,,0.4367,0.5,0.45,0.557,measured,not recorded,output/experiment_b/mesae_v10s_ftB_stamp_bandpow_concat_trial_opt/artifacts/train_20260917_200333.log
Experiment B,stamp_bandpow concat,"stamp_bandpow, channel concat, single 80/20 split",3.0,,0.5833,0.65,0.55,0.7061,measured,not recorded,output/experiment_b/mesae_v10s_ftB_stamp_bandpow_concat_trial_opt/artifacts/train_20260917_200333.log
Experiment B,stamp_bandpow concat,"stamp_bandpow, channel concat, single 80/20 split",4.0,,0.4517,0.5167,0.45,0.5263,measured,not recorded,output/experiment_b/mesae_v10s_ftB_stamp_bandpow_concat_trial_opt/artifacts/train_20260917_200333.log
Experiment B,stamp_bandpow concat,"stamp_bandpow, channel concat, single 80/20 split",5.0,,0.2767,0.35,0.2667,0.4912,measured,not recorded,output/experiment_b/mesae_v10s_ftB_stamp_bandpow_concat_trial_opt/artifacts/train_20260917_200333.log
Experiment B,stamp_bandpow concat,"stamp_bandpow, channel concat, single 80/20 split",6.0,,0.3667,0.4167,0.35,0.5307,measured,not recorded,output/experiment_b/mesae_v10s_ftB_stamp_bandpow_concat_trial_opt/artifacts/train_20260917_200333.log
Experiment B,stamp_bandpow concat,"stamp_bandpow, channel concat, single 80/20 split",7.0,,0.59,0.6333,0.6,0.6974,measured,not recorded,output/experiment_b/mesae_v10s_ftB_stamp_bandpow_concat_trial_opt/artifacts/train_20260917_200333.log
Experiment B,stamp_bandpow concat,"stamp_bandpow, channel concat, single 80/20 split",8.0,,0.5917,0.65,0.55,0.7061,measured,not recorded,output/experiment_b/mesae_v10s_ftB_stamp_bandpow_concat_trial_opt/artifacts/train_20260917_200333.log
Experiment B,stamp_bandpow concat,"stamp_bandpow, channel concat, single 80/20 split",9.0,,0.425,0.55,0.4167,0.6272,measured,not recorded,output/experiment_b/mesae_v10s_ftB_stamp_bandpow_concat_trial_opt/artifacts/train_20260917_200333.log
Experiment B,z_chan concat,"z_chan, channel concat, single 80/20 split",1.0,,0.4367,0.4833,0.4167,0.9868,measured,not recorded,output/experiment_b/mesae_v10s_ftB_z_chan_concat_trial_opt/artifacts/train_20260917_205249.log
Experiment B,z_chan concat,"z_chan, channel concat, single 80/20 split",2.0,,0.3683,0.4333,0.3667,1.0,measured,not recorded,output/experiment_b/mesae_v10s_ftB_z_chan_concat_trial_opt/artifacts/train_20260917_205249.log
Experiment B,z_chan concat,"z_chan, channel concat, single 80/20 split",3.0,,0.54,0.5833,0.5333,0.9781,measured,not recorded,output/experiment_b/mesae_v10s_ftB_z_chan_concat_trial_opt/artifacts/train_20260917_205249.log
Experiment B,z_chan concat,"z_chan, channel concat, single 80/20 split",4.0,,0.2983,0.35,0.3167,0.9912,measured,not recorded,output/experiment_b/mesae_v10s_ftB_z_chan_concat_trial_opt/artifacts/train_20260917_205249.log
Experiment B,z_chan concat,"z_chan, channel concat, single 80/20 split",5.0,,0.2267,0.3,0.2333,0.9956,measured,not recorded,output/experiment_b/mesae_v10s_ftB_z_chan_concat_trial_opt/artifacts/train_20260917_205249.log
Experiment B,z_chan concat,"z_chan, channel concat, single 80/20 split",6.0,,0.2433,0.35,0.25,0.9825,measured,not recorded,output/experiment_b/mesae_v10s_ftB_z_chan_concat_trial_opt/artifacts/train_20260917_205249.log
Experiment B,z_chan concat,"z_chan, channel concat, single 80/20 split",7.0,,0.3617,0.5,0.3667,0.9956,measured,not recorded,output/experiment_b/mesae_v10s_ftB_z_chan_concat_trial_opt/artifacts/train_20260917_205249.log
Experiment B,z_chan concat,"z_chan, channel concat, single 80/20 split",8.0,,0.5533,0.6167,0.5333,0.9956,measured,not recorded,output/experiment_b/mesae_v10s_ftB_z_chan_concat_trial_opt/artifacts/train_20260917_205249.log
Experiment B,z_chan concat,"z_chan, channel concat, single 80/20 split",9.0,,0.5283,0.6,0.55,1.0,measured,not recorded,output/experiment_b/mesae_v10s_ftB_z_chan_concat_trial_opt/artifacts/train_20260917_205249.log
Experiment B,z_chan concat z_proj 2,"z_chan, z_proj=2, single 80/20 split",1.0,,0.415,0.4667,0.4167,0.8202,measured,not recorded,output/experiment_b/mesae_v10s_ftB_z_chan_p2_concat_trial_opt/artifacts/train_20260917_233437.log
Experiment B,z_chan concat z_proj 2,"z_chan, z_proj=2, single 80/20 split",2.0,,0.39,0.5,0.3667,0.7982,measured,not recorded,output/experiment_b/mesae_v10s_ftB_z_chan_p2_concat_trial_opt/artifacts/train_20260917_233437.log
Experiment B,z_chan concat z_proj 2,"z_chan, z_proj=2, single 80/20 split",3.0,,0.615,0.6667,0.6167,0.8772,measured,not recorded,output/experiment_b/mesae_v10s_ftB_z_chan_p2_concat_trial_opt/artifacts/train_20260917_233437.log
Experiment B,z_chan concat z_proj 2,"z_chan, z_proj=2, single 80/20 split",4.0,,0.2567,0.3167,0.2667,0.807,measured,not recorded,output/experiment_b/mesae_v10s_ftB_z_chan_p2_concat_trial_opt/artifacts/train_20260917_233437.log
Experiment B,z_chan concat z_proj 2,"z_chan, z_proj=2, single 80/20 split",5.0,,0.2033,0.3167,0.2,0.7325,measured,not recorded,output/experiment_b/mesae_v10s_ftB_z_chan_p2_concat_trial_opt/artifacts/train_20260917_233437.log
Experiment B,z_chan concat z_proj 2,"z_chan, z_proj=2, single 80/20 split",6.0,,0.3283,0.4,0.3167,0.7412,measured,not recorded,output/experiment_b/mesae_v10s_ftB_z_chan_p2_concat_trial_opt/artifacts/train_20260917_233437.log
Experiment B,z_chan concat z_proj 2,"z_chan, z_proj=2, single 80/20 split",7.0,,0.43,0.5,0.45,0.8465,measured,not recorded,output/experiment_b/mesae_v10s_ftB_z_chan_p2_concat_trial_opt/artifacts/train_20260917_233437.log
Experiment B,z_chan concat z_proj 2,"z_chan, z_proj=2, single 80/20 split",8.0,,0.6033,0.65,0.6167,0.8728,measured,not recorded,output/experiment_b/mesae_v10s_ftB_z_chan_p2_concat_trial_opt/artifacts/train_20260917_233437.log
Experiment B,z_chan concat z_proj 2,"z_chan, z_proj=2, single 80/20 split",9.0,,0.4783,0.5667,0.4167,0.886,measured,not recorded,output/experiment_b/mesae_v10s_ftB_z_chan_p2_concat_trial_opt/artifacts/train_20260917_233437.log
Experiment B1,raw spatial:8,"raw, spatial filter K=8, single 80/20 split",1.0,,0.6067,0.65,0.6333,0.7632,measured,not recorded,output/experiment_b/mesae_v10s_ftB_raw_spatial8_trial_opt/artifacts/train_20260917_214500.log
Experiment B1,raw spatial:8,"raw, spatial filter K=8, single 80/20 split",2.0,,0.4733,0.5333,0.5,0.6754,measured,not recorded,output/experiment_b/mesae_v10s_ftB_raw_spatial8_trial_opt/artifacts/train_20260917_214500.log
Experiment B1,raw spatial:8,"raw, spatial filter K=8, single 80/20 split",3.0,,0.8033,0.8333,0.8167,0.7895,measured,not recorded,output/experiment_b/mesae_v10s_ftB_raw_spatial8_trial_opt/artifacts/train_20260917_214500.log
Experiment B1,raw spatial:8,"raw, spatial filter K=8, single 80/20 split",4.0,,0.395,0.5333,0.4333,0.7105,measured,not recorded,output/experiment_b/mesae_v10s_ftB_raw_spatial8_trial_opt/artifacts/train_20260917_214500.log
Experiment B1,raw spatial:8,"raw, spatial filter K=8, single 80/20 split",5.0,,0.3417,0.4,0.35,0.5219,measured,not recorded,output/experiment_b/mesae_v10s_ftB_raw_spatial8_trial_opt/artifacts/train_20260917_214500.log
Experiment B1,raw spatial:8,"raw, spatial filter K=8, single 80/20 split",6.0,,0.4917,0.55,0.5,0.6798,measured,not recorded,output/experiment_b/mesae_v10s_ftB_raw_spatial8_trial_opt/artifacts/train_20260917_214500.log
Experiment B1,raw spatial:8,"raw, spatial filter K=8, single 80/20 split",7.0,,0.605,0.65,0.6167,0.8465,measured,not recorded,output/experiment_b/mesae_v10s_ftB_raw_spatial8_trial_opt/artifacts/train_20260917_214500.log
Experiment B1,raw spatial:8,"raw, spatial filter K=8, single 80/20 split",8.0,,0.7,0.7667,0.7,0.8772,measured,not recorded,output/experiment_b/mesae_v10s_ftB_raw_spatial8_trial_opt/artifacts/train_20260917_214500.log
Experiment B1,raw spatial:8,"raw, spatial filter K=8, single 80/20 split",9.0,,0.51,0.6,0.5,0.7368,measured,not recorded,output/experiment_b/mesae_v10s_ftB_raw_spatial8_trial_opt/artifacts/train_20260917_214500.log
Experiment B1,recon spatial:8,"recon, spatial filter K=8, single 80/20 split",1.0,,0.5667,0.6333,0.5833,0.8289,measured,not recorded,output/experiment_b/mesae_v10s_ftB_recon_spatial8_trial_opt/artifacts/train_20260917_222414.log
Experiment B1,recon spatial:8,"recon, spatial filter K=8, single 80/20 split",2.0,,0.5367,0.6,0.5,0.7368,measured,not recorded,output/experiment_b/mesae_v10s_ftB_recon_spatial8_trial_opt/artifacts/train_20260917_222414.log
Experiment B1,recon spatial:8,"recon, spatial filter K=8, single 80/20 split",3.0,,0.825,0.85,0.8,0.7544,measured,not recorded,output/experiment_b/mesae_v10s_ftB_recon_spatial8_trial_opt/artifacts/train_20260917_222414.log
Experiment B1,recon spatial:8,"recon, spatial filter K=8, single 80/20 split",4.0,,0.385,0.45,0.35,0.7193,measured,not recorded,output/experiment_b/mesae_v10s_ftB_recon_spatial8_trial_opt/artifacts/train_20260917_222414.log
Experiment B1,recon spatial:8,"recon, spatial filter K=8, single 80/20 split",5.0,,0.2266,0.3167,0.25,0.636,measured,not recorded,output/experiment_b/mesae_v10s_ftB_recon_spatial8_trial_opt/artifacts/train_20260917_222414.log
Experiment B1,recon spatial:8,"recon, spatial filter K=8, single 80/20 split",6.0,,0.4167,0.5,0.3833,0.6316,measured,not recorded,output/experiment_b/mesae_v10s_ftB_recon_spatial8_trial_opt/artifacts/train_20260917_222414.log
Experiment B1,recon spatial:8,"recon, spatial filter K=8, single 80/20 split",7.0,,0.62,0.6833,0.6333,0.864,measured,not recorded,output/experiment_b/mesae_v10s_ftB_recon_spatial8_trial_opt/artifacts/train_20260917_222414.log
Experiment B1,recon spatial:8,"recon, spatial filter K=8, single 80/20 split",8.0,,0.745,0.7833,0.75,0.8465,measured,not recorded,output/experiment_b/mesae_v10s_ftB_recon_spatial8_trial_opt/artifacts/train_20260917_222414.log
Experiment B1,recon spatial:8,"recon, spatial filter K=8, single 80/20 split",9.0,,0.5084,0.6,0.5167,0.7325,measured,not recorded,output/experiment_b/mesae_v10s_ftB_recon_spatial8_trial_opt/artifacts/train_20260917_222414.log
Experiment B1,stamp_bandpow spatial:8,"stamp_bandpow, spatial filter K=8, single 80/20 split",1.0,,0.5717,0.6667,0.6,0.8465,measured,not recorded,output/experiment_b/mesae_v10s_ftB_stamp_bandpow_spatial8_trial_opt/artifacts/train_20260918_013306.log
Experiment B1,stamp_bandpow spatial:8,"stamp_bandpow, spatial filter K=8, single 80/20 split",2.0,,0.4283,0.5,0.3833,0.7237,measured,not recorded,output/experiment_b/mesae_v10s_ftB_stamp_bandpow_spatial8_trial_opt/artifacts/train_20260918_013306.log
Experiment B1,stamp_bandpow spatial:8,"stamp_bandpow, spatial filter K=8, single 80/20 split",3.0,,0.7367,0.7833,0.7667,0.7763,measured,not recorded,output/experiment_b/mesae_v10s_ftB_stamp_bandpow_spatial8_trial_opt/artifacts/train_20260918_013306.log
Experiment B1,stamp_bandpow spatial:8,"stamp_bandpow, spatial filter K=8, single 80/20 split",4.0,,0.3733,0.4833,0.3833,0.75,measured,not recorded,output/experiment_b/mesae_v10s_ftB_stamp_bandpow_spatial8_trial_opt/artifacts/train_20260918_013306.log
Experiment B1,stamp_bandpow spatial:8,"stamp_bandpow, spatial filter K=8, single 80/20 split",5.0,,0.325,0.4667,0.3,0.6535,measured,not recorded,output/experiment_b/mesae_v10s_ftB_stamp_bandpow_spatial8_trial_opt/artifacts/train_20260918_013306.log
Experiment B1,stamp_bandpow spatial:8,"stamp_bandpow, spatial filter K=8, single 80/20 split",6.0,,0.3217,0.4,0.25,0.614,measured,not recorded,output/experiment_b/mesae_v10s_ftB_stamp_bandpow_spatial8_trial_opt/artifacts/train_20260918_013306.log
Experiment B1,stamp_bandpow spatial:8,"stamp_bandpow, spatial filter K=8, single 80/20 split",7.0,,0.6583,0.75,0.7167,0.8904,measured,not recorded,output/experiment_b/mesae_v10s_ftB_stamp_bandpow_spatial8_trial_opt/artifacts/train_20260918_013306.log
Experiment B1,stamp_bandpow spatial:8,"stamp_bandpow, spatial filter K=8, single 80/20 split",8.0,,0.68,0.75,0.6667,0.8114,measured,not recorded,output/experiment_b/mesae_v10s_ftB_stamp_bandpow_spatial8_trial_opt/artifacts/train_20260918_013306.log
Experiment B1,stamp_bandpow spatial:8,"stamp_bandpow, spatial filter K=8, single 80/20 split",9.0,,0.6017,0.6167,0.6,0.7632,measured,not recorded,output/experiment_b/mesae_v10s_ftB_stamp_bandpow_spatial8_trial_opt/artifacts/train_20260918_013306.log
ADR 0012,raw,"v5 backbone, per-subject LDA",,,0.513,,,,measured (headline only),not recorded,
ADR 0012,recon,"v5 backbone, per-subject LDA",,,0.516,,,,measured (headline only),not recorded,
ADR 0012,chan_mag,"v5 backbone, per-subject LDA, PCA64",,,0.404,,,,measured (headline only),not recorded,
ADR 0012,pool_mag,"v5 backbone, per-subject LDA (bundled)",,,0.316,,,,measured (headline only),not recorded,
ADR 0012,head_z,"v5 backbone, per-subject LDA (bundled)",,,0.279,,,,measured (headline only),not recorded,
ADR 0012,z_mean,"v5 backbone, per-subject LDA (bundled)",,,0.265,,,,measured (headline only),not recorded,
Experiment A,raw_bandpow,"LDA probe, v10 small, 5-fold CV",,,0.482,,,,measured (headline only),not recorded,
Experiment A,recon_bandpow,"LDA probe, v10 small, 5-fold CV",,,0.49,,,,measured (headline only),not recorded,
Experiment A,stamp_bandpow,"LDA probe, v10 small, 5-fold CV",,,0.454,,,,measured (headline only),not recorded,
Experiment A,chan_mag,"LDA probe, v10 small, 5-fold CV",,,0.359,,,,measured (headline only),not recorded,
Experiment A,z_chan,"LDA probe, v10 small, 5-fold CV",,,0.341,,,,measured (headline only),not recorded,
Experiment C,C0 follow-up (b),"stamp_induced flat weights, 3-fold CV, dropout 0.5 (log no longer on disk)",,,0.468,,,,measured (headline only),"base, no mne (confirmed in run stderr)",
Experiment C,C2,"resolved from existing runs (follow-up (a) 0.476 vs C0 baseline 0.495), no new run",,,,,,,planned/skipped/running,,
Experiment C,C5,cross-stamp coupling: skipped by decision,,,,,,,planned/skipped/running,,
LOSO phase 1,"BCICIV2a/2b/BCICIV1 strict LOSO, C1 vs raw",running,,,,,,,planned/skipped/running,"base, no mne (confirmed in run stderr)",
Phase 2,EEGMMIdb seen/unseen; BETA_4s C1 vs C1+advance; Inria C1 vs C4 vs raw-ERP,planned,,,,,,,planned/skipped/running,eeg_fm (mne),
